,image,json_data
0,<PIL.JpegImagePlugin.JpegImageFile image mode=RGB size=463x894 at 0x7F90CA722890>,"{'company': 'OJC MARKETING SDN BHD', 'date': '15/01/2019', 'address': 'NO 2 & 4, JALAN BAYU 4, BANDAR SERI ALAM, B1750 MASAI, JOHOR', 'total': '193.00'}"
1,<PIL.JpegImagePlugin.JpegImageFile image mode=RGB size=463x776 at 0x7F90CA722260>,"{'company': 'OJC MARKETING SDN BHD', 'date': '02/01/2019', 'address': 'NO 2 & 4, JALAN BAYU 4, BANDAR SERI ALAM, 81750 MASAI, JOHOR', 'total': '170.00'}"
2,<PIL.JpegImagePlugin.JpegImageFile image mode=RGB size=992x1403 at 0x7F90CA722590>,"{'company': 'PERNIAGAAN ZHENG HUI', 'date': '09/02/2018', 'address': 'NO.59 JALAN PERMAS 9/5 BANDAR BARU PERMAS JAYA 81750 JOHOR BAHRU', 'total': '436.20'}"
3,<PIL.JpegImagePlugin.JpegImageFile image mode=RGB size=616x1336 at 0x7F90CA723D60>,"{'company': 'PETRON BKT LANJAN SB', 'date': '01/02/2018', 'address': 'KM 458.4 BKT LANJAN UTARA, L/RAYA UTARA SELATAN,SG BULOH 47000 SUNGAI BUL', 'total': '4.90'}"
4,<PIL.JpegImagePlugin.JpegImageFile image mode=RGB size=608x1830 at 0x7F90CA722290>,"{'company': 'GERBANG ALAF RESTAURANTS SDN BHD', 'date': '18/01/2018', 'address': 'LEVEL 6, BANGUNAN TH, DAMANSARA UPTOWN3 NO.3, JALAN SS21/39,47400 PETALING JAYA SELANGOR', 'total': '38.90'}"
5,<PIL.JpegImagePlugin.JpegImageFile image mode=RGB size=593x1769 at 0x7F90CA721D20>,"{'company': 'SIN LIANHAP SDN BHD', 'date': '05/02/2018', 'address': 'LOT 13, JALAN IPOH, KG BATU 30, ULU YAM LAMA 44300 BTG KALI, SELANGOR.', 'total': '7.30'}"
6,<PIL.JpegImagePlugin.JpegImageFile image mode=RGB size=620x880 at 0x7F90CA722770>,"{'company': 'CROSS CHANNEL NETWORK SDN. BHD.', 'date': '29/01/2018', 'address': '47, JALAN MERANTI 1, SEK. 3, BANDAR UTAMA BATANG KALI, 44300 BATANG KALI, SELANGOR.', 'total': '6.35'}"
7,<PIL.JpegImagePlugin.JpegImageFile image mode=RGB size=616x992 at 0x7F90CA722500>,"{'company': 'CROSS CHANNEL NETWORK SDN. BHD.', 'date': '31/12/2017', 'address': '47, JALAN MERANTI 1, SEK. 3, BANDAR UTAMA BATANG KALI, 44300 BATANG KALI, SELANGOR.', 'total': '7.95'}"
8,<PIL.JpegImagePlugin.JpegImageFile image mode=RGB size=584x1024 at 0x7F90CA721D50>,"{'company': 'SWC ENTERPRISE SDN BHD', 'date': '08/01/2018', 'address': 'NO. 5-7, JALAN MAHAGONI 7/1, SEKYSEN 4, BANDAR UTAMA, 44300 BATANG KALI, SELANGOR.', 'total': '8.00'}"
9,<PIL.JpegImagePlugin.JpegImageFile image mode=RGB size=835x2333 at 0x7F90CA722320>,"{'company': 'LIGHTROOM GALLERY SDN BHD', 'date': '20/11/2017', 'address': 'NO: 28, JALAN ASTANA 1C, BANDAR BUKIT RAJA, 41050 KLANG SELANGOR D.E, MALAYSIA', 'total': '278.80'}"
10,<PIL.JpegImagePlugin.JpegImageFile image mode=RGB size=758x1559 at 0x7F90CA722830>,"{'company': '99 SPEED MART S/B', 'date': '20-11-17', 'address': 'LOT P.T. 2811, JALAN ANGSA, TAMAN BERKELEY 41150 KLANG, SELANGOR 1413-SETIA ALAM 2', 'total': '169.80'}"
11,<PIL.JpegImagePlugin.JpegImageFile image mode=RGB size=447x1127 at 0x7F90CA720910>,"{'company': 'SECURE PARKING CORPORATION S/B', 'date': '23.03.18', 'address': 'RIVERWALK VILLAGE BATU 3, JALAN IPOH 51200 KL.', 'total': '1.00'}"
12,<PIL.JpegImagePlugin.JpegImageFile image mode=RGB size=835x2333 at 0x7F90CA7227A0>,"{'company': 'LIGHTROOM GALLERY SDN BHD', 'date': '20/11/2017', 'address': 'NO: 28, JALAN ASTANA 1C, BANDAR BUKIT RAJA, 41050 KLANG SELANGOR D.E, MALAYSIA', 'total': '278.80'}"
13,<PIL.JpegImagePlugin.JpegImageFile image mode=RGB size=619x2175 at 0x7F90CA7209D0>,"{'company': 'OLD TOWN KOPITAM SND BHD', 'date': '22 MAR 18', 'address': 'SRI RAMPAI', 'total': '30.25'}"
14,<PIL.JpegImagePlugin.JpegImageFile image mode=RGB size=627x1071 at 0x7F90CA721510>,"{'company': 'UROKO JAPANESE CUISINE SDN BHD', 'date': '20/03/2018', 'address': '22A-1, JALAN 17/54, SECTION 17, 46400 PETALING JAYA, SELANGOR.', 'total': '53.00'}"
15,<PIL.JpegImagePlugin.JpegImageFile image mode=RGB size=1654x2339 at 0x7F90CA720940>,"{'company': 'TED HENG STATIONERY & BOOKS', 'date': '27/01/2018', 'address': 'NO. 53, JALAN BESAR, 45600 BATANG BERJUNTAI SELANGOR DARUL EHSAN', 'total': '27.35'}"
16,<PIL.JpegImagePlugin.JpegImageFile image mode=RGB size=1654x2339 at 0x7F90CA720D00>,"{'company': 'TEO HENG STATIONERY & BOOKS', 'date': '15/03/2018', 'address': 'NO. 53, JALAN BESAR, 45600 BATANG BERJUNTAI SELANGOR DARUL EHSAN', 'total': '127.20'}"
17,<PIL.JpegImagePlugin.JpegImageFile image mode=RGB size=933x2445 at 0x7F90CA7225F0>,"{'company': 'TEO HENG STATIONERY & BOOKS', 'date': '29/01/2018', 'address': 'NO. 53, JALAN BESAR, 45600 BATANG BERJUNTAI SELANGOR DARUL EHSAN', 'total': '1.05'}"
18,<PIL.JpegImagePlugin.JpegImageFile image mode=RGB size=2481x3508 at 0x7F90CA720D60>,"{'company': 'SWC ENTERPRISE SDN BHD', 'date': '02/01/2018', 'address': '8 & 10, JALAN IJOK PERMAI 1, PUSAT NIAGA IJOK PERMAI, 48000 IJOK, SELANGOR.', 'total': '4.20'}"
19,<PIL.JpegImagePlugin.JpegImageFile image mode=RGB size=743x1727 at 0x7F90CA7209A0>,"{'company': 'F&P PHARMACY', 'date': '02/03/2018', 'address': 'NO.20. GROUND FLOOR, JALAN BS 10/6 TAMAN BUKIT SERDANG, SEKSYEN 10, 43300 SERI KEMBANGAN. SELANGOR DARUL EHSAN', 'total': '31.90'}"
20,<PIL.JpegImagePlugin.JpegImageFile image mode=RGB size=1080x1527 at 0x7F90CA720A00>,"{'company': 'UNIHAKKA INTERNATIONAL SDN BHD', 'date': '07 MAR 2018', 'address': '12, JALAN TAMPOI 7/4,KAWASAN PERINDUSTRIAN TAMPOI,81200 JOHOR BAHRU,JOHOR', 'total': '$8.20'}"
21,<PIL.JpegImagePlugin.JpegImageFile image mode=RGB size=1080x1527 at 0x7F90CA720820>,"{'company': 'UNIHAKKA INTERNATIONAL SDN BHD', 'date': '13 MAR 2018', 'address': '12, JALAN TAMPOI 7/4,KAWASAN PERINDUSTRIAN TAMPOI,81200 JOHOR BAHRU,JOHOR', 'total': '$8.20'}"
22,<PIL.JpegImagePlugin.JpegImageFile image mode=RGB size=1080x1527 at 0x7F90CA720BB0>,"{'company': 'PASAR MINI JIN SENG', 'date': '03/03/18', 'address': '379, JALAN PERMAS SATU, BANDAR BARU PERMAS JAYA 81750 PLENTONG, JOHOR.', 'total': '33.80'}"
23,<PIL.JpegImagePlugin.JpegImageFile image mode=RGB size=1080x1527 at 0x7F90CA721150>,"{'company': 'YHM AEON TEBRAU CITY', 'date': '11/03/2018', 'address': 'S117, SECOND FLOOR, AEON TEBRAU CITY, 1, JALAN DESA TEBRAU, TAMAN DESA TEBRAU, 81100 JOHOR BAHRU, JOHOR.', 'total': '49.70'}"
24,<PIL.JpegImagePlugin.JpegImageFile image mode=RGB size=1080x1527 at 0x7F90CA720E80>,"{'company': 'GRAND COMPANIONS SDN BHD', 'date': '03 MAR 19', 'address': 'LOT G112, AEON MALL TEBRAU CITY NO 1 JALAN DESA TEBRAU 81100 JOHOR BAHRU', 'total': '269.40'}"
25,<PIL.JpegImagePlugin.JpegImageFile image mode=RGB size=1080x1512 at 0x7F90CA721180>,"{'company': 'UNIHAKKA INTERNATIONAL SDN BHD', 'date': '26 MAR 2018', 'address': '12, JALAN TAMPOI 7/4,KAWASAN PARINDUSTRIAN TAMPOI,81200 JOHOR BAHRU,JOHOR', 'total': '$8.20'}"
26,<PIL.JpegImagePlugin.JpegImageFile image mode=RGB size=1080x1527 at 0x7F90CA7211E0>,"{'company': 'YONG TAT HARDWARE TRADING', 'date': '13/03/2018', 'address': 'NO 4,JALAN PERJIRANAN 10, TAMAN AIR BIRU, 81700 PASIR GUDANG, JOHOR.', 'total': '72.00'}"
27,<PIL.JpegImagePlugin.JpegImageFile image mode=RGB size=1080x1528 at 0x7F90CA721390>,"{'company': 'TRIPLE SIX POINT ENTERPRISE 666', 'date': '22-03-2018', 'address': 'NO 14& 16 JALAN PERMAS 4/3 BANDAR BARU PERMAS JAY', 'total': '22.60'}"
28,<PIL.JpegImagePlugin.JpegImageFile image mode=RGB size=1080x1528 at 0x7F90CA7210F0>,"{'company': 'UNIHAKKA INTERNATIONAL SDN BHD', 'date': '25 MAR 2018', 'address': '12, JALAN TAMPOI 7/4,KAWASAN PERINDUSTRIAN TAMPOI,81200 JOHOR BAHRU,JOHOR', 'total': '$8.50'}"
29,<PIL.JpegImagePlugin.JpegImageFile image mode=RGB size=1080x1528 at 0x7F90CA721210>,"{'company': 'UNIHAKKA INTERNATIONAL SDN BHD', 'date': '20 MAR 2018', 'address': '12, JALAN TAMPOI 7/4,KAWASAN PERINDUSTRIAN TAMPOI,81200 JOHOR BAHRU,JOHOR', 'total': '$6.60'}"
30,<PIL.JpegImagePlugin.JpegImageFile image mode=RGB size=1080x1528 at 0x7F90CA721240>,"{'company': 'CONTENTO', 'date': '20/03/18', 'address': '15, JALAN PERMAS 10/7,PERMAS 81750 MASAI JOHOR', 'total': '21.60'}"
31,<PIL.JpegImagePlugin.JpegImageFile image mode=RGB size=789x1757 at 0x7F90CA720340>,"{'company': 'BENS INDEPENDENT GROCER SDN. BHD', 'date': '09/03/18', 'address': 'LOT 6, JALAN BATAI, PLAZA BATAI, DAMANSARA HEIGHTS 50490, KUALA LUMPUR', 'total': '133.70'}"
32,<PIL.JpegImagePlugin.JpegImageFile image mode=RGB size=790x2050 at 0x7F90CA720310>,"{'company': 'BENS INDEPENDENT GROCER SDN. BHD', 'date': '08/03/18', 'address': 'LOT 6, JALAN BATAI, PLAZA BATAI, DAMANSARA HEIGHTS 50490, KUALA LUMPUR', 'total': '81.00'}"
33,<PIL.JpegImagePlugin.JpegImageFile image mode=RGB size=751x1278 at 0x7F90CA7201F0>,"{'company': '99 SPEED MART S/B', 'date': '10-03-18', 'address': 'LOT P.T. 2811, JALAN ANGSA, TAMAN BERKELEY 41150 KLANG, SELANGOR 1572-TMN BKT PANDAN', 'total': '5.35'}"
34,<PIL.JpegImagePlugin.JpegImageFile image mode=RGB size=793x1620 at 0x7F90CA7211B0>,"{'company': 'STAR GROCER SDN BHD', 'date': '25/03/18', 'address': 'NO 4, DESA PANDAN, OFF KAMPONG PANDAN, 55100 KUALA LUMPUR', 'total': '66.15'}"
35,<PIL.JpegImagePlugin.JpegImageFile image mode=RGB size=932x2160 at 0x7F90CA720F40>,"{'company': 'PASARAYA BORONG PINTAR SDN BHD', 'date': '09/03/2018', 'address': 'NO 19-G& 19-1& 19-2 JALAN TASIK UTAMA 4, MEDAN NIAGA TASIK DAMAI', 'total': '10.40'}"
36,<PIL.JpegImagePlugin.JpegImageFile image mode=RGB size=928x1769 at 0x7F90CA720C40>,"{'company': 'PASARAYA BORONG PINTAR SDN BHD', 'date': '14/03/2018', 'address': 'NO 19-G& 19-1& 19-2 JALAN TASIK UTAMA 4, MEDAN NIAGA TASIK DAMAI', 'total': '0.90'}"
37,<PIL.JpegImagePlugin.JpegImageFile image mode=RGB size=936x2015 at 0x7F90CA720F10>,"{'company': 'RESTAURANT JIAWEI JIAWEI HOUSE', 'date': '23/2/2018', 'address': '13, JLN TASIK UTAMA 8 MEDAN NIAGA DAMAI SG BESI', 'total': '110.00'}"
38,<PIL.JpegImagePlugin.JpegImageFile image mode=RGB size=928x1771 at 0x7F90CA720DF0>,"{'company': 'PASARAYA BORONG PINTAR SDN BHD', 'date': '30/01/2018', 'address': 'NO 19-G&19-1&19-2 JALAN TASIK UTAMA 4, MEDAN NIAGA TASIK DAMAI', 'total': '1.70'}"
39,<PIL.JpegImagePlugin.JpegImageFile image mode=RGB size=932x1773 at 0x7F90CA721090>,"{'company': 'PASARAYA BORONG PINTAR SDN BHD', 'date': '14/02/2018', 'address': 'NO 19-G& 19-1& 19-2 JALAN TASIK UTAMA 4, MEDAN NIAGA TASIK DAMAI', 'total': '1.45'}"
40,<PIL.JpegImagePlugin.JpegImageFile image mode=RGB size=936x3521 at 0x7F90CA721120>,"{'company': 'POPULAR BOOK CO. (M) SDN BHD', 'date': '23/12/17', 'address': 'NO 8, JALAN 7/118B, DESA TUN RAZAK 56000 KUALA LUMPUR, MALAYSIA', 'total': '140.65'}"
41,<PIL.JpegImagePlugin.JpegImageFile image mode=RGB size=936x2753 at 0x7F90CA720E20>,"{'company': 'POPULAR BOOK CO. (M) SDN BHD', 'date': '20/08/17', 'address': 'NO 8, JALAN 7/118B, DESA TUN RAZAK 56000 KUALA LUMPUR, MALAYSIA', 'total': '5.05'}"
42,<PIL.JpegImagePlugin.JpegImageFile image mode=RGB size=884x1904 at 0x7F90CA7208B0>,"{'company': 'EVERGREEN LIGHT SDN BHD', 'date': '10/07/2017', 'address': 'NO.7-1, JALAN PUTERI 7/11, BANDAR PUTERI, 47100 PUCHONG, BELANGOR', 'total': '56.00'}"
43,<PIL.JpegImagePlugin.JpegImageFile image mode=RGB size=888x1620 at 0x7F90CA722380>,"{'company': 'HON HWA HARDWARE TRADING', 'date': '26/04/2017', 'address': 'NO 37, JALAN MANIS 7, TAMAN SEGAR, 56100 CHERAS, KUALA LUMPUR.', 'total': '7.20'}"
44,<PIL.JpegImagePlugin.JpegImageFile image mode=RGB size=888x1621 at 0x7F90CA720EB0>,"{'company': 'HON HWA HARDWARE TRADING', 'date': '11/02/2017', 'address': 'NO 37, JALAN MANIS 7, TAMAN SEGAR, 56100 CHERAS, KUALA LUMPUR.', 'total': '19.60'}"
45,<PIL.JpegImagePlugin.JpegImageFile image mode=RGB size=888x1615 at 0x7F90CA720CA0>,"{'company': 'HON HWA HARDWARE TRADING', 'date': '05/01/2017', 'address': 'NO 37, JALAN MANIS 7, TAMAN SEGAR, 56100 CHERAS, KUALA LUMPUR.', 'total': '5.00'}"
46,<PIL.JpegImagePlugin.JpegImageFile image mode=RGB size=888x1900 at 0x7F90CA721030>,"{'company': 'EVERGREEN LIGHT SDN BHD', 'date': '18/09/2017', 'address': 'NO.7-1, JALAN PUTERI 7/11, BANDAR PUTERI, 47100 PUCHONG, BELANGOR', 'total': '26.00'}"
47,<PIL.JpegImagePlugin.JpegImageFile image mode=RGB size=936x2915 at 0x7F90CA7205E0>,"{'company': 'VIVOPAC MARKETING SDN BHD', 'date': '17/01/2017', 'address': '14 JALAN MANIS 4 TAMAN SEGAR 56100 KL', 'total': '46.65'}"
48,<PIL.JpegImagePlugin.JpegImageFile image mode=RGB size=932x2695 at 0x7F90CA720550>,"{'company': 'VIVOPAC MARKETING SDN BHD', 'date': '13/09/2017', 'address': '14 JALAN MANIS 4 TAMAN SEGAR 56100 KL', 'total': '52.45'}"
49,<PIL.JpegImagePlugin.JpegImageFile image mode=RGB size=710x2030 at 0x7F90CA720460>,"{'company': 'FY EAGLE ENTERPRISE', 'date': '07/12/2017', 'address': 'NO. 42, JALAN PBS 14/11, TAMAN PERINDUSTRIAN BUKIT SERDANG, 43300 SERI KEMBANGAN, SELANGOR', 'total': '10.00'}"
50,<PIL.JpegImagePlugin.JpegImageFile image mode=RGB size=884x2466 at 0x7F90CA7204C0>,"{'company': 'MODERN DEPOT SDN BHD', 'date': '04/12/2016', 'address': 'NO.19, PT18685, JALAN JAMBU MELAKA 2, JINJANG SELATAN, KEPONG.', 'total': '150.00'}"
51,<PIL.JpegImagePlugin.JpegImageFile image mode=RGB size=764x1717 at 0x7F90CA7204F0>,"{'company': 'CHOP YEW LIAN', 'date': '23/03/17', 'address': 'LOT PT 5121, PER. KLANG, SEK. 27 40000 SHAH ALAM, SELANGOR', 'total': '30.00'}"
52,<PIL.JpegImagePlugin.JpegImageFile image mode=RGB size=741x1204 at 0x7F90CA723D00>,"{'company': 'AEON CO. (M) BHD', 'date': '14/03/2018', 'address': '3RD FLR, AEON TAMAN MALURI SC JLN JEJAKA, TAMAN MALURI CHERAS, 55100 KUALA LUMPUR', 'total': '12.25'}"
53,<PIL.JpegImagePlugin.JpegImageFile image mode=RGB size=593x1277 at 0x7F90CA720250>,"{'company': 'ECONSAVE CASH & CARRY (FC) S/B', 'date': '22/03/18', 'address': 'LOT GO1, KL FESTIVAL CITY, NO. 67 JIN IBU KOTA TMN DANAU KOTA, KL', 'total': '5.15'}"
54,<PIL.JpegImagePlugin.JpegImageFile image mode=RGB size=709x1477 at 0x7F90CA722980>,"{'company': 'POPULAR BOOK CO. (M) SDN BHD', 'date': '14/03/18', 'address': 'NO 8, JALAN 7/118B, DESA TUN RAZAK 56000 KUALA LUMPUR, MALAYSIA', 'total': '7.95'}"
55,<PIL.JpegImagePlugin.JpegImageFile image mode=RGB size=624x1500 at 0x7F90CA720130>,"{'company': 'PREMIO STATIONERY SDN BHD', 'date': '20/03/2018', 'address': 'NO 57, JALAN SS 3/29, 47300 PETALING JAYA, SELANGOR', 'total': '13.40'}"
56,<PIL.JpegImagePlugin.JpegImageFile image mode=RGB size=938x1697 at 0x7F90CB2217E0>,"{'company': 'LIM SENG THO HARDWARE TRADING', 'date': '08/02/2018', 'address': 'NO 7, SIMPANG OFF BATU VILLAGE, JALAN IPOH BATU 5, 51200 KUALA LUMPUR. MALAYSIA', 'total': '10.50'}"
57,<PIL.JpegImagePlugin.JpegImageFile image mode=RGB size=934x1694 at 0x7F90CB220FA0>,"{'company': 'LIM SENG THO HARDWARE TRADING', 'date': '02/02/2018', 'address': 'NO 7, SIMPANG OFF BATU VILLAGE, JALAN IPOH BATU 5, 51200 KUALA LUMPUR MALAYSIA', 'total': '7.00'}"
58,<PIL.JpegImagePlugin.JpegImageFile image mode=RGB size=939x2280 at 0x7F90CB2228F0>,"{'company': 'LA STATIONERY SDN BHD', 'date': '09/02/2018', 'address': 'NO.8, JALAN 46/26, TAMAN SRI RAMPAI, 53300 KUALA LUMPUR.', 'total': '56.80'}"
59,<PIL.JpegImagePlugin.JpegImageFile image mode=RGB size=914x2421 at 0x7F90CB223400>,"{'company': 'KOH SENG HARDWARE', 'date': '01/02/2018', 'address': 'NO. 939, BATU LIMA, JALAN IPOH, 51200 KUALA LUMPUR.', 'total': '5.30'}"
60,<PIL.JpegImagePlugin.JpegImageFile image mode=RGB size=933x1696 at 0x7F90CB2226E0>,"{'company': 'LIM SENG THO HARDWARE TRADING', 'date': '09/02/2018', 'address': 'NO 7, SIMPANG OFF BATU VILLAGE, JALAN IPOH BATU 5, 51200 KUALA LUMPUR MALAYSIA', 'total': '8.40'}"
61,<PIL.JpegImagePlugin.JpegImageFile image mode=RGB size=888x2390 at 0x7F90CADBD690>,"{'company': 'KOH SENG HARDWARE', 'date': '04/12/2017', 'address': 'NO. 939, BATU LIMA, JALAN IPOH, 51200 KUALA LUMPUR.', 'total': '848.00'}"
62,<PIL.JpegImagePlugin.JpegImageFile image mode=RGB size=933x1837 at 0x7F90CADBCE80>,"{'company': 'SUPER TERMINAL SDN BHD', 'date': '20/01/2018', 'address': 'NO. 18 & 19, TAMAN CITY, JALAN KUCHING, 52100 KUALA LUMPUR', 'total': '132.50'}"
63,<PIL.JpegImagePlugin.JpegImageFile image mode=RGB size=932x2078 at 0x7F90CADBEDD0>,"{'company': 'SYARIKAT PERNIAGAAN GIN KEE', 'date': '04/01/2018', 'address': 'NO 290, JALAN AIR PANAS, SETAPAK, 53200, KUALA LUMPUR.', 'total': '100.17'}"
64,<PIL.JpegImagePlugin.JpegImageFile image mode=RGB size=931x1870 at 0x7F90CADBEA40>,"{'company': 'SYARIKAT PERNIAGAAN GIN KEE', 'date': '25/01/2018', 'address': 'NO 290, JALAN AIR PANAS, SETAPAK, 53200, KUALA LUMPUR.', 'total': '190.80'}"
65,<PIL.JpegImagePlugin.JpegImageFile image mode=RGB size=828x2080 at 0x7F90CADBC550>,"{'company': 'BEYOND BROTHERS HARDWARE', 'date': '10/11/2017', 'address': 'LOT 1-0-2, JLN 1/50, DIAMOND SQUARE, OFF JLN GOMBAK 53000 KUALA LUMPUR', 'total': '67.85'}"
66,<PIL.JpegImagePlugin.JpegImageFile image mode=RGB size=935x2080 at 0x7F90CADBDFC0>,"{'company': 'SYARIKAT PERNIAGAAN GIN KEE', 'date': '03/01/2018', 'address': 'NO 290, JALAN AIR PANAS, SETAPAK, 53200, KUALA LUMPUR.', 'total': '72.08'}"
67,<PIL.JpegImagePlugin.JpegImageFile image mode=RGB size=933x1974 at 0x7F90CADBD180>,"{'company': 'SYARIKAT PERNIAGAAN GIN KEE', 'date': '30/12/2017', 'address': 'NO 290, JALAN AIR PANAS, SETAPAK, 53200, KUALA LUMPUR', 'total': '89.04'}"
68,<PIL.JpegImagePlugin.JpegImageFile image mode=RGB size=931x1967 at 0x7F90CADBD5A0>,"{'company': 'SYARIKAT PERNIAGAAN GIN KEE', 'date': '03/01/2018', 'address': 'NO 290, JALAN AIR PANAS, SETAPAK, 53200, KUALA LUMPUR.', 'total': '94.34'}"
69,<PIL.JpegImagePlugin.JpegImageFile image mode=RGB size=932x1867 at 0x7F90CADBCC10>,"{'company': 'SYARIKAT PERNIAGAAN GIN KEE', 'date': '29/12/2017', 'address': 'NO 290, JALAN AIR PANAS, SETAPAK, 53200, KUALA LUMPUR.', 'total': '10.60'}"
70,<PIL.JpegImagePlugin.JpegImageFile image mode=RGB size=935x1975 at 0x7F90CB300E20>,"{'company': 'SYARIKAT PERNIAGAAN GIN KEE', 'date': '15/01/2018', 'address': 'NO 290, JALAN AIR PANAS, SETAPAK, 53200, KUALA LUMPUR.', 'total': '11.13'}"
71,<PIL.JpegImagePlugin.JpegImageFile image mode=RGB size=932x1865 at 0x7F90CB303A90>,"{'company': 'SYARIKAT PERNIAGAAN GIN KEE', 'date': '01/02/2018', 'address': 'NO 290, JALAN AIR PANAS, SETAPAK, 53200, KUALA LUMPUR.', 'total': '36.04'}"
72,<PIL.JpegImagePlugin.JpegImageFile image mode=RGB size=933x2080 at 0x7F90CB3022F0>,"{'company': 'SYARIKAT PERNIAGAAN GIN KEE', 'date': '31/01/2018', 'address': 'NO 290, JALAN AIR PANAS, SETAPAK, 53200, KUALA LUMPUR.', 'total': '101.76'}"
73,<PIL.JpegImagePlugin.JpegImageFile image mode=RGB size=934x1869 at 0x7F90CB3039A0>,"{'company': 'SYARIKAT PERNIAGAAN GIN KEE', 'date': '27/01/2018', 'address': 'NO 290, JALAN AIR PANAS, SETAPAK, 53200, KUALA LUMPUR.', 'total': '22.26'}"
74,<PIL.JpegImagePlugin.JpegImageFile image mode=RGB size=936x1976 at 0x7F90CB302800>,"{'company': 'SYARIKAT PERNIAGAAN GIN KEE', 'date': '02/02/2018', 'address': 'NO 290, JALAN AIR PANAS, SETAPAK, 53200, KUALA LUMPUR.', 'total': '94.13'}"
75,<PIL.JpegImagePlugin.JpegImageFile image mode=RGB size=439x907 at 0x7F90CB3028C0>,"{'company': 'WESTERN EASTERN STATIONERY SDN. BHD', 'date': '26-02-2018', 'address': '42-46, JLN SULTAN AZLAN SHAH 51200 KUALA LUMPUR', 'total': 'RM7.42'}"
76,<PIL.JpegImagePlugin.JpegImageFile image mode=RGB size=439x907 at 0x7F90CB302AD0>,"{'company': 'WESTERN EASTERN STATIONERY SDN. BHD', 'date': '26-02-2018', 'address': '42-46, JLN SULTAN AZLAN SHAH 51200 KUALA LUMPUR', 'total': '7.42'}"
77,<PIL.JpegImagePlugin.JpegImageFile image mode=RGB size=1035x2155 at 0x7F90CB303670>,"{'company': 'KEDAI BUKU NEW ACHEIVERS', 'date': '28/12/2017', 'address': 'NO. 12 & 14, JALAN JINJANG 27/54 TAMAN ALAM MEGAH, SEKSYEN 27 40400 SHAH ALAM, SELANGOR D. E.', 'total': '38.15'}"
78,<PIL.JpegImagePlugin.JpegImageFile image mode=RGB size=958x1922 at 0x7F90CB3022C0>,"{'company': 'ASO ELECTRICAL TRADING SDN BHD', 'date': '13/10/2017', 'address': 'NO 31G, JALAN SEPADU C 25/C, SECTION 25, TAMAN INDUSTRIES, AXIS 40400 SHAH ALAM, SELANGOR.', 'total': '94.60'}"
79,<PIL.JpegImagePlugin.JpegImageFile image mode=RGB size=787x2204 at 0x7F90CB3032E0>,"{'company': 'KEDAI BUKU NEW ACHEIVERS', 'date': '15/09/2017', 'address': 'NO. 12 & 14, JALAN JINJANG 27/54 TAMAN ALAM MEGAH, SEKSYEN 27 40400 SHAH ALAM, SELANGOR D. E.', 'total': '48.00'}"
80,<PIL.JpegImagePlugin.JpegImageFile image mode=RGB size=880x2526 at 0x7F90CB3034C0>,"{'company': 'TS TOOLS HARDWARE & MACHINERY SDN BHD', 'date': '21/03/2018', 'address': '59, JALAN BANDAR SATU, PUSAT BANDAR PUCHONG 47160, PUCHONG, SELANGOR', 'total': '7.40'}"
81,<PIL.JpegImagePlugin.JpegImageFile image mode=RGB size=932x1866 at 0x7F90CB3033A0>,"{'company': 'RESTORAN WAN SHENG', 'date': '17-03-2018', 'address': 'NO.2, JALAN TEMENGGUNG 19/9, SEKSYEN 9, BANDAR MAHKOTA CHERAS, 43200 CHERAS, SELANGOR', 'total': '9.60'}"
82,<PIL.JpegImagePlugin.JpegImageFile image mode=RGB size=932x1866 at 0x7F90CB303A30>,"{'company': 'RESTORAN WAN SHENG', 'date': '23-03-2018', 'address': 'NO.2, JALAN TEMENGGUNG 19/9, SEKSYEN 9, BANDAR MAHKOTA CHERAS, 43200 CHERAS, SELANGOR', 'total': '6.70'}"
83,<PIL.JpegImagePlugin.JpegImageFile image mode=RGB size=932x1695 at 0x7F90CB303880>,"{'company': 'RESTORAN WAN SHENG', 'date': '21-03-2018', 'address': 'NO.2, JALAN TEMENGGUNG 19/9, SEKSYEN 9, BANDAR MAHKOTA CHERAS, 43200 CHERAS, SELANGOR', 'total': '4.80'}"
84,<PIL.JpegImagePlugin.JpegImageFile image mode=RGB size=932x1781 at 0x7F90CA71FF10>,"{'company': 'RESTORAN WAN SHENG', 'date': '10-03-2018', 'address': 'NO.2, JALAN TEMENGGUNG 19/9, SEKSYEN 9, BANDAR MAHKOTA CHERAS, 43200 CHERAS, SELANGOR', 'total': '7.20'}"
85,<PIL.JpegImagePlugin.JpegImageFile image mode=RGB size=932x1704 at 0x7F90CA71FF40>,"{'company': 'RESTORAN WAN SHENG', 'date': '07-03-2018', 'address': 'NO.2, JALAN TEMENGGUNG 19/9, SEKSYEN 9, BANDAR MAHKOTA CHERAS, 43200 CHERAS, SELANGOR', 'total': '4.80'}"
86,<PIL.JpegImagePlugin.JpegImageFile image mode=RGB size=615x1811 at 0x7F90CA71FD90>,"{'company': 'KAISON FURNISHING SDN BHD', 'date': '25-03-18', 'address': 'LOT NO. L3-012, LEVEL 3, MYTOWN SHOPPING CENTRE, NO. 6, JALAN COCHRANE, SEKSYEN 90 55100 KUALA LUMPUR.', 'total': '18.70'}"
87,<PIL.JpegImagePlugin.JpegImageFile image mode=RGB size=591x1123 at 0x7F90CA71FE20>,"{'company': '99 SPEED MART S/B', 'date': '26-03-18', 'address': 'LOT P.T. 2811, JALAN ANGSA, TAMAN BERKELEY 41150 KLANG, SELANGOR 1330 JLN KENANGA', 'total': 'RM 10.60'}"
88,<PIL.JpegImagePlugin.JpegImageFile image mode=RGB size=884x2249 at 0x7F90CA71FEE0>,"{'company': 'AA PHARMACY', 'date': '29/01/2018', 'address': 'NO.47, JALAN 3/36, BUKIT SRI BINTANG, KEPONG 52100, KUALA LUMPUR', 'total': '46.20'}"
89,<PIL.JpegImagePlugin.JpegImageFile image mode=RGB size=932x2126 at 0x7F90CAC1EA40>,"{'company': 'CPI ROCKU SDN. BHD.', 'date': '19/02/2018', 'address': 'LOT F355/356/357, FIRST FLOOR, RAINFOREST, 1 UTAMA SHOPPING CENTRE, LEBUH BANDAR UTAMA, 47800 PETALING JAYA', 'total': '181.55'}"
90,<PIL.JpegImagePlugin.JpegImageFile image mode=RGB size=936x2211 at 0x7F90CAC1DB70>,"{'company': 'ALI BABA INTERNATIONAL SDN BHD', 'date': '19-02-2018', 'address': 'PUBLIKA SHOPPING GALLERY LOT 26-27 ,LEVEL G2,JLN DUTAMAS 1, SOLARIS DUTAMAS,50480 KL.', 'total': '23.80'}"
91,<PIL.JpegImagePlugin.JpegImageFile image mode=RGB size=884x1940 at 0x7F91186FBF70>,"{'company': 'SEN LEE HEONG RESTAURANT', 'date': '12-01-2018', 'address': 'G-0-1 ,M.AVENUE NO.1 ,JLN 1/38A, SEGAMBUT BAHAGIA,51200, K.LUMPUL', 'total': '77.40'}"
92,<PIL.JpegImagePlugin.JpegImageFile image mode=RGB size=936x1892 at 0x7F91186F8430>,"{'company': 'POTTERS GARDEN SDN BHD', 'date': '04/01/2018', 'address': 'BATU 11 . SG BULOH , 47000 SELANGOR .', 'total': '39.80'}"
93,<PIL.JpegImagePlugin.JpegImageFile image mode=RGB size=928x2174 at 0x7F90CB2346A0>,"{'company': 'HENG KEE DELIGHTS BAK KUT TEH.', 'date': '04/01/2018', 'address': 'NO31 , JALAN 3/62A , BANDAR MENJALARA KEPONG. 52100 KUALA LUMPUR', 'total': '42.00'}"
94,<PIL.JpegImagePlugin.JpegImageFile image mode=RGB size=888x2662 at 0x7F90CB235180>,"{'company': 'GREEN LANE PHARMACY SDN BHD', 'date': '1/8/2018', 'address': '33 JLN BANGAU 1,KEPONG BARU, 52100 KEPONG,KL', 'total': '34.80'}"
95,<PIL.JpegImagePlugin.JpegImageFile image mode=RGB size=940x1660 at 0x7F90CB236830>,"{'company': 'MR. D. I. Y. (KUCHAI) SDN BHD', 'date': '19-03-18', 'address': 'LOT 1851-A & 1851-B, JALAN KPB 6, KAWASAN PERINDUSTRIAN BALAKONG, 43300 SERI KEMBANGAN, SELANGOR', 'total': '11.90'}"
96,<PIL.JpegImagePlugin.JpegImageFile image mode=RGB size=916x1694 at 0x7F90CA7A00A0>,"{'company': 'GERBANG ALAF RESTAURANTS SDN BHD', 'date': '11/03/2018', 'address': 'LEVEL 6, BANGUNAN TH, DAMANSARA UPTOWN3 NO.3, JALAN SS21/39,47400 PETALING JAYA SELANGOR', 'total': '8.50'}"
97,<PIL.JpegImagePlugin.JpegImageFile image mode=RGB size=936x2079 at 0x7F90CA7A0100>,"{'company': 'SAINT HEART PASTRY', 'date': '25/03/2018', 'address': '29,JLN SJ 17, TMN SELAYANG JAYA, 68100 BATU CAVES, SELANGOR', 'total': '8.20'}"
98,<PIL.JpegImagePlugin.JpegImageFile image mode=RGB size=928x2104 at 0x7F90CA7A0160>,"{'company': 'KEDAI PAPAN YEW CHUAN', 'date': '21/03/2018', 'address': 'LOT 276 JALAN BANTING 43800 DENGKIL, SELANGOR.', 'total': '68.90'}"
99,<PIL.JpegImagePlugin.JpegImageFile image mode=RGB size=928x2107 at 0x7F90CA7A01C0>,"{'company': 'KEDAI PAPAN YEW CHUAN', 'date': '21/03/2018', 'address': 'LOT 276 JALAN BANTING 43800 DENGKIL, SELANGOR.', 'total': '144.16'}"
100,<PIL.JpegImagePlugin.JpegImageFile image mode=RGB size=932x2216 at 0x7F90CA7A0220>,"{'company': 'KEDAI PAPAN YEW CHUAN', 'date': '07/03/2018', 'address': 'LOT 276 JALAN BANTING 43800 DENGKIL, SELANGOR.', 'total': '91.16'}"
101,<PIL.JpegImagePlugin.JpegImageFile image mode=RGB size=924x2219 at 0x7F90CA7A0280>,"{'company': 'KEDA PAPAN YEW CHJAN', 'date': '08/03/2018', 'address': 'LOT 276 JALAN BANTING 800 DEN SELANGOR.', 'total': '312.70'}"
102,<PIL.JpegImagePlugin.JpegImageFile image mode=RGB size=932x2212 at 0x7F90CA7A02E0>,"{'company': 'KEDAI PAPAN YEW CHUAN', 'date': '16/03/2018', 'address': 'LOT 276 JALAN BANTING 43800 DENGKIL, SELANGOR.', 'total': '135.68'}"
103,<PIL.JpegImagePlugin.JpegImageFile image mode=RGB size=928x2317 at 0x7F90CA7A0340>,"{'company': 'KEDAI PAPAN YEW CHUAN', 'date': '12/03/2018', 'address': 'LOT 276 JALAN BANTING 43800 DENGKIL, SELANGOR.', 'total': '283.55'}"
104,<PIL.JpegImagePlugin.JpegImageFile image mode=RGB size=928x2319 at 0x7F90CA7A03A0>,"{'company': 'KEDAI PAPAN YEW CHUAN', 'date': '02/04/2018', 'address': 'LOT 276 JALAN BANTING 43800 DENGKIL, SELANGOR.', 'total': '270.30'}"
105,<PIL.JpegImagePlugin.JpegImageFile image mode=RGB size=932x2209 at 0x7F90CA7A0400>,"{'company': 'KEDAI PAPAN YEW CHUAN', 'date': '10/03/2018', 'address': 'LOT 276 JALAN BANTING 43800 DENGKIL, SELANGOR.', 'total': '84.80'}"
106,<PIL.JpegImagePlugin.JpegImageFile image mode=RGB size=742x2017 at 0x7F90CA7A0460>,"{'company': 'MY MYDIN SDN BHD', 'date': '15/01/2018', 'address': 'NO 13, 15, 17 & 19 JALAN NOVA Q U5/Q, SEKSYEN U5, SUBANG BESTARI 40150 SHAH ALA SELANGOR DARUL EHSAN', 'total': '5.50'}"
107,<PIL.JpegImagePlugin.JpegImageFile image mode=RGB size=746x1212 at 0x7F90CA7A04C0>,"{'company': 'YONG CEN ENTERPRISE', 'date': '06/01/2018', 'address': '9, JALAN SUBANG JASA 3, 40150 SHAH ALAM, SELANGOR.', 'total': '65.70'}"
108,<PIL.JpegImagePlugin.JpegImageFile image mode=RGB size=704x1640 at 0x7F90CA7A0520>,"{'company': 'MUN HENG ELECTRICAL & HARDWARE SUPPLY', 'date': '01/02/2018', 'address': 'NO.52, JALAN BULAN U5/BT, BANDAR PINGGLRAN SUBANG, SUNGAL BULOH, 40150 SHAH ALAM, SEL.', 'total': '7.00'}"
109,<PIL.JpegImagePlugin.JpegImageFile image mode=RGB size=742x1592 at 0x7F90CA7A0580>,"{'company': 'URBAN IDEA SDN BHD', 'date': '14/02/2018', 'address': 'A-G-06, DATARAN GLOMAC, JALAN SS6/5A, PUSAT BANDAR KELANA JAYA, 47301 PETALING JAYA, SELANGOR, MALAYSIA', 'total': 'RM11.90'}"
110,<PIL.JpegImagePlugin.JpegImageFile image mode=RGB size=749x1433 at 0x7F90CA7A05E0>,"{'company': '99 SPEED MART S/B', 'date': '31-03-18', 'address': 'LOT P.T. 2811, JALAN ANGSA, TAMAN BERKELEY 41150 KLANG, SELANGOR 1317-TRILLIUM SG BESI', 'total': '4.00'}"
111,<PIL.JpegImagePlugin.JpegImageFile image mode=RGB size=744x2171 at 0x7F90CA7A0640>,"{'company': 'SUPER SEVEN CASH & CARRY SDN BHD', 'date': '01-03-2018', 'address': 'NO. 1 JALAN EURO 1 OFF JALAN BATU TIGA SUNGAI BULOH SEKSYEN U3 SHAH ALAM, 40150', 'total': 'RM408.45'}"
112,<PIL.JpegImagePlugin.JpegImageFile image mode=RGB size=705x1473 at 0x7F90CA7A06A0>,"{'company': 'BEMED (SP) SDN BHD.', 'date': '27/MAR/2018', 'address': 'NO.49, JALAN DLNARG U3/G, SUBANG PERDANA, 40150 SHAH ALAM, SELANGOR D.E.', 'total': '308.70'}"
113,<PIL.JpegImagePlugin.JpegImageFile image mode=RGB size=731x1701 at 0x7F90CA7A0700>,"{'company': 'PANA JAYA ENTERPRISE', 'date': '21-03-2018', 'address': 'NO. 10-G, GROUND FLOOR. JALAN DINAR D, U3/D. TAMAN SUBANG PEADANA. SEK U3. 40150 SHAH ALAM, SELANGOR.', 'total': '105.00'}"
114,<PIL.JpegImagePlugin.JpegImageFile image mode=RGB size=745x2001 at 0x7F90CA7A0760>,"{'company': 'SUPER SEVEN CASH & CARRY SDN BHD', 'date': '21-03-2018', 'address': 'NO. 1 JALAN EURO 1 OFF JALAN BATU TIGA SUNGAI BULOH SEKSYEN U3 SHAH ALAM, 40150', 'total': 'RM18.30'}"
115,<PIL.JpegImagePlugin.JpegImageFile image mode=RGB size=705x2287 at 0x7F90CA7A07C0>,"{'company': 'SEGI CASH & CARRY SDN. BHD.', 'date': '12 MAR 2018', 'address': 'PT17920 SEK U9, SHAH ALAM', 'total': '145.10'}"
116,<PIL.JpegImagePlugin.JpegImageFile image mode=RGB size=884x1698 at 0x7F90CA7A0820>,"{'company': 'SWC ENTERPRISE SDN BHD', 'date': '06/03/2018', 'address': '28-G, GROUND FLOOR, JALAN DINAR A U3/A, TMN SUBANG PERDANA, 40150 SHAN ALAM, SELANGOR.', 'total': '4.00'}"
117,<PIL.JpegImagePlugin.JpegImageFile image mode=RGB size=618x1541 at 0x7F90CA7A0880>,"{'company': 'GUARDIAN HEALTH AND BEAUTY SDN BHD', 'date': '09/03/18', 'address': 'G31 & G32, GRD FLR, IOI MALL BANDAR PUCHONG JAYA', 'total': '9.95'}"
118,<PIL.JpegImagePlugin.JpegImageFile image mode=RGB size=689x1530 at 0x7F90CA7A08E0>,"{'company': 'TSH POWER HARDWARE TRADING', 'date': '12/09/2017', 'address': '13-1, JALAN PJU 5/10, DATARAN SUNWAY, KOTA DAMANSARA, 47810, PETALING JAYA, SELANGOR', 'total': '24.50'}"
119,<PIL.JpegImagePlugin.JpegImageFile image mode=RGB size=709x1233 at 0x7F90CA7A0940>,"{'company': 'MR. D.I.Y. (M) SDN BHD', 'date': '18-03-18', 'address': 'LOT 1851-A & 1851-B, JALAN KPB 6, KAWASAN PERINDUSTRIAN BALAKONG, 43300 SERI KEMBANGAN, SELANGOR', 'total': '6.60'}"
120,<PIL.JpegImagePlugin.JpegImageFile image mode=RGB size=710x1724 at 0x7F90CA7A09A0>,"{'company': 'MR. D.I.Y. (M) SDN BHD', 'date': '21-03-18', 'address': 'LOT 1851-A & 1851-B, JALAN KPB 6, KAWASAN PERINDUSTRIAN BALAKONG, 43300 SERI KEMBANGAN, SELANGOR', 'total': '21.50'}"
121,<PIL.JpegImagePlugin.JpegImageFile image mode=RGB size=708x1400 at 0x7F90CA7A0A00>,"{'company': 'MR. D.I.Y. (M) SDN BHD', 'date': '23-03-18', 'address': 'LOT 1851-A & 1851-B, JALAN KPB 6, KAWASAN PERINDUSTRIAN BALAKONG, 43300 SERI KEMBANGAN, SELANGOR', 'total': '6.20'}"
122,<PIL.JpegImagePlugin.JpegImageFile image mode=RGB size=742x1625 at 0x7F90CA7A0A60>,"{'company': 'SUPER SEVEN CASH & CARRY SDN BHD', 'date': '27-01-2018', 'address': 'NO. 1 JALAN EURO 1 OFF JALAN BATU TIGA SUNGAI BULOH SEKSYEN U3 SHAH ALAM, 40150', 'total': 'RM59.00'}"
123,<PIL.JpegImagePlugin.JpegImageFile image mode=RGB size=745x1217 at 0x7F90CA7A0AC0>,"{'company': 'YONG CEN ENTERPRISE', 'date': '06/01/2018', 'address': '9, JALAN SUBANG JASA 3, 40150 SHAH ALAM, SELANGOR', 'total': '65.70'}"
124,<PIL.JpegImagePlugin.JpegImageFile image mode=RGB size=711x2106 at 0x7F90CA7A0B20>,"{'company': 'SEGI CASH & CARRY SDN. BHD.', 'date': '06 JAN 2018', 'address': 'PT17920 SEK U9, SHAH ALAM', 'total': '674.00'}"
125,<PIL.JpegImagePlugin.JpegImageFile image mode=RGB size=747x1866 at 0x7F90CA7A0B80>,"{'company': 'SUPER SEVEN CASH & CARRY SDN BHD', 'date': '01-02-2018', 'address': 'NO. 1 JALAN EURO 1 OFF JALAN BATU TIGA SUNGAI BULOH SEKSYEN U3 SHAH ALAM, 40150', 'total': 'RM42.10'}"
126,<PIL.JpegImagePlugin.JpegImageFile image mode=RGB size=730x1778 at 0x7F90CA7A0BE0>,"{'company': 'PANA JAYA ENTERPRISE', 'date': '25-01-2018', 'address': 'NO . 10-G. GROUND FLOOR. JALAN DINAR D. U3/D TAMAN SUBANG PERDANA. SEK U3. 40150 SHAH ALAM. SELANGOR', 'total': '205.5'}"
127,<PIL.JpegImagePlugin.JpegImageFile image mode=RGB size=705x1373 at 0x7F90CA7A0C40>,"{'company': '99 SPEED MART S/B', 'date': '28-01-18', 'address': 'LOT P.T. 2811, JALAN ANGSA, TAMAN BERKELEY 41150 KLANG, SELANGOR 1313-SUBANG BESTARI', 'total': '98.90'}"
128,<PIL.JpegImagePlugin.JpegImageFile image mode=RGB size=808x2360 at 0x7F90CA7A0CA0>,"{'company': 'GREAT ZONE HOUSEHOLD CENTRE SDN BHD', 'date': '18/02/2018', 'address': '60 & 62. JALAN CIKU, 86000,KLUANG', 'total': '367.30'}"
129,<PIL.JpegImagePlugin.JpegImageFile image mode=RGB size=842x1280 at 0x7F90CA7A0D00>,"{'company': 'SAYANG YOU STATION SDN BHD', 'date': '28-FEB-2018', 'address': 'LOT G18 & G19, JLN 8/27A WANGSA MAJU (AEON BIG SHOPPING CENTER) 53300 KUALA LUMPUR', 'total': '4.10'}"
130,<PIL.JpegImagePlugin.JpegImageFile image mode=RGB size=792x1141 at 0x7F90CA7A0D60>,"{'company': 'IMAGE PRINTEC (M) SDN BHD', 'date': '23/02/2018', 'address': ""NO. 12A-G, JALAN WANGSA DELIMA 11, D'WANGSA WANGSA MAJU, 53300 KUALA LUMPUR."", 'total': '7.20'}"
131,<PIL.JpegImagePlugin.JpegImageFile image mode=RGB size=786x1579 at 0x7F90CA7A0DC0>,"{'company': 'HUGO TRADING SDN BHD', 'date': '13/01/2018', 'address': 'LOT 8&9, KOMPLEKS PASAR BORONG SELANGOR, 43300 SERI KEMBANGAN, SEL', 'total': '40.80'}"
132,<PIL.JpegImagePlugin.JpegImageFile image mode=RGB size=864x1373 at 0x7F90CA7A0E20>,"{'company': 'SATU KAMPUNG ENTERPRISE SDN BHD', 'date': '13/01/2018', 'address': 'NO. 42, PASAR BORONG SELANGOR JALAN PUTRA PERMAI, 43300 SERI KEMBANGAN. SELANGOR.', 'total': '63.00'}"
133,<PIL.JpegImagePlugin.JpegImageFile image mode=RGB size=736x1407 at 0x7F90CA7A0E80>,"{'company': 'SATU KAMPUNG ENTERPRISE SDN BHD', 'date': '13/01/2018', 'address': 'NO.42, PASAR BORONG SELANGOR. JALAN PUTRA PERMAI, 43300 SERI KEMBANGAN. SELANGOR.', 'total': '20.00'}"
134,<PIL.JpegImagePlugin.JpegImageFile image mode=RGB size=723x1197 at 0x7F90CA7A0EE0>,"{'company': 'PRINT EXPERT SDN BHD', 'date': '19/03/2018', 'address': 'NO 18, 20, 22, JALAN BUNGA TANJONG 2/16, 40000 SHAH ALAM, SELANGOR', 'total': '226.60'}"
135,<PIL.JpegImagePlugin.JpegImageFile image mode=RGB size=775x1593 at 0x7F90CA7A0F40>,"{'company': 'PRINT EXPERT SDN BHD', 'date': '25/03/2018', 'address': 'NO 18, 20, 22, JALAN BUNGA TANJONG 2/16, 40000 SHAH ALAM, SELANGOR', 'total': '204.20'}"
136,<PIL.JpegImagePlugin.JpegImageFile image mode=RGB size=765x1281 at 0x7F90CA7A0FA0>,"{'company': 'PRINT EXPERT SDN BHD', 'date': '25/03/2018', 'address': 'NO 18, 20, 22, JALAN BUNGA TANJONG 2/16, 40000 SHAH ALAM, SELANGOR', 'total': '119.55'}"
137,<PIL.JpegImagePlugin.JpegImageFile image mode=RGB size=744x2318 at 0x7F90CA7A1000>,"{'company': 'POPULAR BOOK CO. (M) SDN BHD', 'date': '05/03/18', 'address': 'NO 8, JALAN 7/118B, DESA TUN RAZAK 56000 KUALA LUMPUR, MALAYSIA', 'total': '30.50'}"
138,<PIL.JpegImagePlugin.JpegImageFile image mode=RGB size=745x2094 at 0x7F90CA7A1060>,"{'company': 'POPULAR BOOK CO. (M) SDN BHD', 'date': '06/03/18', 'address': 'NO 8, JALAN 7/118B, DESA TUN RAZAK 56000 KUALA LUMPUR, MALAYSIA', 'total': '30.70'}"
139,<PIL.JpegImagePlugin.JpegImageFile image mode=RGB size=743x1737 at 0x7F90CA7A10C0>,"{'company': 'POPULAR BOOK CO. (M) SDN BHD', 'date': '06/03/18', 'address': 'NO 8, JALAN 7/118B, DESA TUN RAZAK 56000 KUALA LUMPUR, MALAYSIA', 'total': '12.15'}"
140,<PIL.JpegImagePlugin.JpegImageFile image mode=RGB size=745x1680 at 0x7F90CA7A1120>,"{'company': 'AEON CO. (M) BHD', 'date': '21/03/2018', 'address': '3RD FLR, AEON TAMAN MALURI SC JLN JEJAKA, TAMAN MALURI CHERAS, 55100 KUALA LUMPUR', 'total': '65.10'}"
141,<PIL.JpegImagePlugin.JpegImageFile image mode=RGB size=734x1616 at 0x7F90CA7A1180>,"{'company': 'FLORISM DE ART', 'date': '14/01/2018', 'address': 'LOT 2.70.00,LEVEL 2, PAVILION KUALA LUMPUR, 168, JALAN BUKIT BINTANG, 55100 KUALA LUMPUR, MALAYSIA.', 'total': '750.00'}"
142,<PIL.JpegImagePlugin.JpegImageFile image mode=RGB size=747x1219 at 0x7F90CA7A11E0>,"{'company': 'DEWINA HOST SDN BHD', 'date': '2018/03/27', 'address': 'LOT SATMZ 23, MEZZANINE LEVEL SATELLITE BUILDING KUALA LUMPUR INTERNATIONAL AIRPORT', 'total': 'RM63.90'}"
143,<PIL.JpegImagePlugin.JpegImageFile image mode=RGB size=867x1641 at 0x7F90CA7A1240>,"{'company': 'DREAM ARTS', 'date': '29/03/2018', 'address': 'L 2-047, LEVEL 2, VIVACITY MEGAMALL, JALAN WAN ALWI, 93350 KUCHING', 'total': '15.00'}"
144,<PIL.JpegImagePlugin.JpegImageFile image mode=RGB size=791x1897 at 0x7F90CA7A12A0>,"{'company': 'GUARDIAN HEALTH AND BEAUTY SDN BHD', 'date': '01/01/18', 'address': 'SOLARIS MOUNT KIARA NO.8 & 10, GF SOLARIS MOUNT KUARA JLN SOLARIS 5', 'total': '22.45'}"
145,<PIL.JpegImagePlugin.JpegImageFile image mode=RGB size=724x1440 at 0x7F90CA7A1300>,"{'company': 'MEI LET RESTAURANT', 'date': '03/02/2017', 'address': 'NO 2, JALAN BULAN BM U5/BM, SEKSYEN U5, 40150 SHAH ALAM, SELANGOR', 'total': '68.90'}"
146,<PIL.JpegImagePlugin.JpegImageFile image mode=RGB size=700x1386 at 0x7F90CA7A1360>,"{'company': ""KING'S CONFECTIONERY S/B"", 'date': '07/02/17', 'address': 'LOT NO. G23, GIANT KELANA JAYA LOT PT244, JLN PERBANDARAN SS6/4 PUSAT BANDAR KELANA JAYA, PETALING', 'total': '9.90'}"
147,<PIL.JpegImagePlugin.JpegImageFile image mode=RGB size=703x1423 at 0x7F90CA7A13C0>,"{'company': ""KING'S CONFECTIONERY S/B"", 'date': '23/02/17', 'address': 'NO. 20-A1, JALAN SS6/3, KELANA JAYA, 473 PETALING JAYA SELANGOR D.E.', 'total': '7.20'}"
148,<PIL.JpegImagePlugin.JpegImageFile image mode=RGB size=703x1819 at 0x7F90CA7A1420>,"{'company': 'OLIVE9 PHARMACY SDN BHD', 'date': '31/03/2017', 'address': '69 JALAN NOVA U5/N, SEKSYEN U5 SUBANG BE', 'total': '12.15'}"
149,<PIL.JpegImagePlugin.JpegImageFile image mode=RGB size=703x1779 at 0x7F90CA7A1480>,"{'company': 'TANJONGMAS BOOKCENTRE (PJ) SDN BHD', 'date': '17/03/2017', 'address': 'LOT F15, GIANT BANDAR PUTERI JALAN PUTERI 1/1, BDR PUTERI 47100 PUCHONG, SELANGOR', 'total': '62.00'}"
150,<PIL.JpegImagePlugin.JpegImageFile image mode=RGB size=741x2164 at 0x7F90CA7A14E0>,"{'company': 'SEMBOYAN TEGAS SDN BHD', 'date': '06-03-2018', 'address': 'NO.5 & 7 , JALAN TSJ 2. TAMAN SUBANG JASA KG. BARU SUBANG. 40150 SHAH ALAM SELANGOR DARUL EHSAN', 'total': '27.00'}"
151,<PIL.JpegImagePlugin.JpegImageFile image mode=RGB size=725x1388 at 0x7F90CA7A1540>,"{'company': 'BEMED (SP) SDN. BHD.', 'date': '02/JAN/2017', 'address': 'NO.49, JALAN DINAR G U3/G, SUBANG PERDANA, 40150 SHAH ALAM, SELANGOR D.E.', 'total': '165.00'}"
152,<PIL.JpegImagePlugin.JpegImageFile image mode=RGB size=708x1173 at 0x7F90CA7A15A0>,"{'company': 'YONG CEN ENTERPRISE', 'date': '11/02/2017', 'address': '9, JALAN SUBANG JASA 3, 40150 SHAH ALAM. SELANGOR.', 'total': '19.10'}"
153,<PIL.JpegImagePlugin.JpegImageFile image mode=RGB size=701x1162 at 0x7F90CA7A1600>,"{'company': 'FIVE STAR CASH & CARRY', 'date': '05/01/17', 'address': 'G.23 & G.22, PLAZA SERI SETIA, NO.1 JALAN SS 9/1, 47300 PJ, SELANGOR.', 'total': '90.00'}"
154,<PIL.JpegImagePlugin.JpegImageFile image mode=RGB size=742x1885 at 0x7F90CA7A1660>,"{'company': 'THE CUT STEAKHOUSE &BURGERS', 'date': '01-01-2017', 'address': 'LOT L1-4 STAR AVENUE MALL JALAN ZUHAL U5/179 SEKSYEN U5 PUSAT KOMERSIAL ARENA BINTANG 40150 SHAH ALAM, SELANGOR', 'total': '167.55'}"
155,<PIL.JpegImagePlugin.JpegImageFile image mode=RGB size=738x1619 at 0x7F90CA7A16C0>,"{'company': 'MEI LET RESTAURANT', 'date': '12/01/2017', 'address': 'NO 2, JALAN BULAN BM U5/BM, SEKSYEN U5, 40150 SHAH ALAM, SELANGOR', 'total': '59.35'}"
156,<PIL.JpegImagePlugin.JpegImageFile image mode=RGB size=739x1654 at 0x7F90CA7A1720>,"{'company': 'S&Y STATIONERY', 'date': '09-JAN-2017', 'address': 'NO.36G JALAN BULAN BM U5/BM, BANDAR PINGGIRAN SUBANG, SEKSYEN U5, 40150 SHAH ALAM, SELANGOR.', 'total': '1.40'}"
157,<PIL.JpegImagePlugin.JpegImageFile image mode=RGB size=708x1449 at 0x7F90CA7A1780>,"{'company': 'BEMED (SP) SDN. BHD.', 'date': '20/JAN/2017', 'address': 'NO.49, JALAN DINAR G U3/G, SUBANG PERDANA, 40150 SHAH ALAM, SELANGOR D.E.', 'total': '203.00'}"
158,<PIL.JpegImagePlugin.JpegImageFile image mode=RGB size=744x1416 at 0x7F90CA7A17E0>,"{'company': 'BIRU PETROLEUM', 'date': '11/11/16', 'address': 'KELANA JAYA. 47301 PETALING SELANGOR DARUL EHSAN.', 'total': '6.40'}"
159,<PIL.JpegImagePlugin.JpegImageFile image mode=RGB size=698x1708 at 0x7F90CA7A1840>,"{'company': 'SEGI CASH & CARRY SDN.BHD', 'date': '06 FEB 2017', 'address': 'PT17920, SEKSYEN U9, 40150 SHAH ALAM, SELANGOR DARUL EHSAN.', 'total': '27.00'}"
160,<PIL.JpegImagePlugin.JpegImageFile image mode=RGB size=753x1343 at 0x7F90CA7A18A0>,"{'company': 'C W KHOO HARDWARE SDN BHD', 'date': '26/04/2018', 'address': 'NO.50 ,JALAN PBS 14/11 , KAWASAN PERINDUSTRIAN BUKIT SERDANG,', 'total': '84.80'}"
161,<PIL.JpegImagePlugin.JpegImageFile image mode=RGB size=738x1780 at 0x7F90CA7A1900>,"{'company': 'CHA FOR TEA', 'date': '19/04/2018', 'address': '1-1, CENTRAL PARK , JALAN PJU5/13, DATARAN SUNWAY, 47810 KOTA DAMANSARA, SELANGOR', 'total': 'RM46.25'}"
162,<PIL.JpegImagePlugin.JpegImageFile image mode=RGB size=753x1554 at 0x7F90CA7A1960>,"{'company': 'PLATINUM RACKING SDN BHD', 'date': '22/04/2018', 'address': '8B, JALAN LUMPUR,OFF JALAN PUTRA,05100 ALOR SETAR,KEDAH,', 'total': '23.00'}"
163,<PIL.JpegImagePlugin.JpegImageFile image mode=RGB size=734x1343 at 0x7F90CA7A19C0>,"{'company': 'C W KHOO HARDWARE SDN BHD', 'date': '31/03/2018', 'address': 'NO.50 , JALAN PBS 14/11 , KAWASAN PERINDUSTRIAN BUKIT SERDANG,', 'total': '14.65'}"
164,<PIL.JpegImagePlugin.JpegImageFile image mode=RGB size=702x1728 at 0x7F90CA7A1A20>,"{'company': 'TANJONGMAS BOOKCENTRE (PJ) SDN BHD', 'date': '02/04/2017', 'address': 'LOT F15, GIANT BANDAR PUTERI JALAN PUTERI 1/1, BDR PUTERI 47100 PUCHONG, SELANGOR', 'total': '4.30'}"
165,<PIL.JpegImagePlugin.JpegImageFile image mode=RGB size=703x1373 at 0x7F90CA7A1A80>,"{'company': 'BEMED (SP) SDN. BHD.', 'date': '01/APR/2017', 'address': 'NO.49, JALAN DINAR G U3/G, SUBANG PERDANA, 40150 SHAH ALAM, SELANGOR D.E.', 'total': '165.00'}"
166,<PIL.JpegImagePlugin.JpegImageFile image mode=RGB size=522x1085 at 0x7F90CA7A1AE0>,"{'company': 'AMANO MALAYSIA SDN BHD', 'date': '30/04/2017', 'address': '12 JALAN PENGACARA U1/48 TEMASYA INDUSTRIAL PARK 40150 SHAH ALAM SELANGOR', 'total': 'RM3.00'}"
167,<PIL.JpegImagePlugin.JpegImageFile image mode=RGB size=522x1091 at 0x7F90CA7A1B40>,"{'company': 'AMANO MALAYSIA SDN BHD', 'date': '30/04/2017', 'address': '12 JALAN PENGACARA U1/48 TEMASYA INDUSTRIAL PARK 40150 SHAH ALAM SELANGOR', 'total': 'RM1.00'}"
168,<PIL.JpegImagePlugin.JpegImageFile image mode=RGB size=723x2793 at 0x7F90CA7A1BA0>,"{'company': 'GERBANG ALAF RESTAURANTS SDN BHD', 'date': '30/04/2017', 'address': 'LEVEL 6, BANGUNAN TH, DAMANSARA UPTOWN3 NO.3, JALAN SS21/39,47400 PETALING JAYA SELANGOR', 'total': '47.15'}"
169,<PIL.JpegImagePlugin.JpegImageFile image mode=RGB size=702x1961 at 0x7F90CA7A1C00>,"{'company': 'SEGI CASH & CARRY SDN. BHD.', 'date': '11/05/17', 'address': 'PT17920 SEK U9, SHAH ALAM', 'total': '83.55'}"
170,<PIL.JpegImagePlugin.JpegImageFile image mode=RGB size=706x1557 at 0x7F90CA7A1C60>,"{'company': ""KING'S CONFECTIONERY S/B"", 'date': '21/05/17', 'address': 'NO. 20-A1, JALAN SS6/3, KELANA JAYA, 47301 PETALING JAYA SELANGOR D.E.', 'total': '27.50'}"
171,<PIL.JpegImagePlugin.JpegImageFile image mode=RGB size=709x1214 at 0x7F90CA7A1CC0>,"{'company': 'YONG CEN ENTERPRISE', 'date': '21/05/2017', 'address': '9, JALAN SUBANG JASA 3, 40150 SHAH ALAM, SELANGOR.', 'total': '108.00'}"
172,<PIL.JpegImagePlugin.JpegImageFile image mode=RGB size=885x1791 at 0x7F90CA7A1D20>,"{'company': ""KING'S CONFECTIONERY S/B"", 'date': '10/10/17', 'address': '3425, GR. FLOOR JLN THEATER, JINJANG UTARA 52100 K.L.', 'total': '70.00'}"
173,<PIL.JpegImagePlugin.JpegImageFile image mode=RGB size=935x1915 at 0x7F90CA7A1D80>,"{'company': 'RESTORAN WAN SHE', 'date': '29-09-2017', 'address': 'NO. 2, JALAN TEMENGGUNG 19/9, SEKSYEN 9, BANDAR MAHKOTA CHERAS, 43200 CHERAS, SELANGOR', 'total': '164.40'}"
174,<PIL.JpegImagePlugin.JpegImageFile image mode=RGB size=745x1158 at 0x7F90CA7A1DE0>,"{'company': 'ANEKA INTERTRADE MARKETING SDN BHD', 'date': '19/06/17', 'address': '150B, JALAN TUDM,KG BARU SUBANG 40150 SHAH ALAM, SELANGOR DARUL EHSAN, MALAYSIA.', 'total': '23.80'}"
175,<PIL.JpegImagePlugin.JpegImageFile image mode=RGB size=704x1153 at 0x7F90CA7A1E40>,"{'company': 'BUY SELL TRADE SDN. BHD.', 'date': '04/02/2017', 'address': '2 & 2A, JALAN KASUARINA 1/KS 7, BANDAR BOTANIK, 41200 KLANG, SELANGOR', 'total': '26.90'}"
176,<PIL.JpegImagePlugin.JpegImageFile image mode=RGB size=704x1404 at 0x7F90CA7A1EA0>,"{'company': '99 SPEED MART S/B', 'date': '07-02-17', 'address': 'LOT P.T. 2811, JALAN ANGSA, TAMAN BERKELEY 41150 KLANG, SELANGOR 1299-SUBANG PERMAI', 'total': '37.45'}"
177,<PIL.JpegImagePlugin.JpegImageFile image mode=RGB size=743x1430 at 0x7F90CA7A1F00>,"{'company': 'B & BEST RESTAURANT', 'date': '19/04/2017', 'address': 'NO.12,JALAN SS4C/5,PETALING JAYA SELANGOR DARUL EHSAN', 'total': '14.85'}"
178,<PIL.JpegImagePlugin.JpegImageFile image mode=RGB size=4961x7016 at 0x7F90CA7A1F60>,"{'company': 'UNIHAKKA INTERNATIONAL SDN BHD', 'date': '05 APR 2018', 'address': '12, JALAN TAMPOI 7/4,KAWASAN PERINDUSTRIAN TAMPOI,81200 JOHOR BAHRU,JOHOR', 'total': '$6.90'}"
179,<PIL.JpegImagePlugin.JpegImageFile image mode=RGB size=4961x7016 at 0x7F90CA7A1FC0>,"{'company': 'UNIHAKKA INTERNATIONAL SDN BHD', 'date': '04 APR 2018', 'address': '12, JALAN TAMPOI 7/4,KAWASAN PERINDUSTRIAN TAMPOI,81200 JOHOR BAHRU,JOHOR', 'total': '$7.60'}"
180,<PIL.JpegImagePlugin.JpegImageFile image mode=RGB size=4961x7016 at 0x7F90CA7A2020>,"{'company': 'UNIHAKKA INTERNATIONAL SDN BHD', 'date': '06 APR 2018', 'address': '12, JALAN TAMPOI 7/4,KAWASAN PERINDUSTRIAN TAMPOI,81200 JOHOR BAHRU,JOHOR', 'total': '$7.60'}"
181,<PIL.JpegImagePlugin.JpegImageFile image mode=RGB size=4961x7016 at 0x7F90CA7A2080>,"{'company': 'BHPETROL PERMAS JAYA 2', 'date': '03-04-2018', 'address': 'LOT PTD 101051 JALAN PERMAS 10/10 81750 MASAI, JOHOR', 'total': '50.00'}"
182,<PIL.JpegImagePlugin.JpegImageFile image mode=RGB size=4961x7016 at 0x7F90CA7A20E0>,"{'company': 'FREEDOM OPTIMUM SDN BHD', 'date': '6/4/2018', 'address': 'C1 SEAFRONT, BER JAYA WATERFRONT COMPLEX, 88 JALAN IBRAHIM SULTAN, STULANG LAUT 80300, JOHOR BAHRU, JOHOR.', 'total': '98.00'}"
183,<PIL.JpegImagePlugin.JpegImageFile image mode=RGB size=4961x7016 at 0x7F90CA7A2140>,"{'company': 'UNIHAKKA INTERNATIONAL SDN BHD', 'date': '14 APR 2018', 'address': '12, JALAN TAMPOI 7/4,KAWASAN PERINDUSTRIAN TAMPOI,81200 JOHOR BAHRU,JOHOR', 'total': '$8.90'}"
184,<PIL.JpegImagePlugin.JpegImageFile image mode=RGB size=4961x7016 at 0x7F90CA7A21A0>,"{'company': 'AEON CO. (M) SDN BHD', 'date': '14/04/2018', 'address': '3RD FLR, AEON TAMAN MALURI SC JLN JEJAKA, TAMAN MALURI CHERAS, 55100 KUALA LUMPUR', 'total': '50.90'}"
185,<PIL.JpegImagePlugin.JpegImageFile image mode=RGB size=4961x7016 at 0x7F90CA7A2200>,"{'company': 'TRIPLE SIX POINT ENTERPRISE 666', 'date': '23-04-2018', 'address': 'NO 14& 16 JALAN PERMAS 4/3 BANDAR BARU PERMAS JAY', 'total': '157.90'}"
186,<PIL.JpegImagePlugin.JpegImageFile image mode=RGB size=4961x7016 at 0x7F90CA7A2260>,"{'company': 'RESTORAN HWA MUI SUTERA SDN BHD', 'date': '29/04/2018', 'address': '50,JALAN SUTERA TANJUNG 5/4 TAMAN SUTERA UTAMA, 81300 SKUDAI ,JOHOR', 'total': '91.50'}"
187,<PIL.JpegImagePlugin.JpegImageFile image mode=RGB size=4961x7016 at 0x7F90CA7A22C0>,"{'company': 'SECRET RECIPE RESTAURANT', 'date': '4/22/2018', 'address': 'LOT G16, PERMAS JAYA JUSCO', 'total': 'RM41.81'}"
188,<PIL.JpegImagePlugin.JpegImageFile image mode=RGB size=4961x7016 at 0x7F90CA7A2320>,"{'company': 'AEON CO. (M) BHD', 'date': '12/04/2018', 'address': '3RD FLR, AEON TAMAN MALURI SC JLN JEJAKA, TAMAN MALURI CHERAS, 55100 KUALA LUMPUR', 'total': '24.10'}"
189,<PIL.JpegImagePlugin.JpegImageFile image mode=RGB size=4953x6993 at 0x7F90CA7A2380>,"{'company': 'FOODELICO SDN. BHD.', 'date': '29-APR-2018', 'address': 'LOT LG10, AEON TAMAN UNIVERSITI SHOPPING CENTER, NO. 4, JALAN PENDIDIKAN, TAMAN UNIVERSITI 81300 SKUDAI, JOHOR', 'total': '13.00'}"
190,<PIL.JpegImagePlugin.JpegImageFile image mode=RGB size=1654x2338 at 0x7F90CA7A23E0>,"{'company': 'HIGH FIVE ENTERPRISE', 'date': '05/04/18', 'address': 'JALAN BIDARA, TAMAN BIDARA, SELAYANG 68100, BATU CAVES, SELANGOR', 'total': '95.48'}"
191,<PIL.JpegImagePlugin.JpegImageFile image mode=RGB size=443x959 at 0x7F90CA7A2440>,"{'company': 'WESTERN EASTERN STATIONERY SDN. BHD', 'date': '26-04-2018', 'address': '42-46, JLN SULTAN AZLAN SHAH 51200 KUALA LUMPUR', 'total': 'RM42.88'}"
192,<PIL.JpegImagePlugin.JpegImageFile image mode=RGB size=435x1275 at 0x7F90CA7A24A0>,"{'company': 'MAXINCOME RESOURCES SDN BHD', 'date': '10/04/2018', 'address': 'NO 16A, JALAN ASTAKA U8/83, BUKIT JELUTONG, 40150 SHAH ALAM, SELANGOR, D.E.', 'total': '5.80'}"
193,<PIL.JpegImagePlugin.JpegImageFile image mode=RGB size=607x1399 at 0x7F90CA7A2500>,"{'company': 'GERBANG ALAF RESTAURANTS SDN BHD', 'date': '27/04/2018', 'address': 'LEVEL 6, BANGUNAN TH, DAMANSARA UPTOWN3 NO.3, JALAN SS21/39, 47400 PETALING JAYA SELANGOR', 'total': '109.05'}"
194,<PIL.JpegImagePlugin.JpegImageFile image mode=RGB size=620x1342 at 0x7F90CA7A2560>,"{'company': 'NSK TRADE CITY-SELAYANG', 'date': '27-10-2017', 'address': 'LOT 4674 & 4675 SELAYANG BATU 8 JALAN IPOH 68100 BATU CAVES', 'total': 'RM9.00'}"
195,<PIL.JpegImagePlugin.JpegImageFile image mode=RGB size=616x1200 at 0x7F90CA7A25C0>,"{'company': 'GARDENIA BAKERIES (KL) SDN BHD', 'date': '23/07/2017', 'address': 'LOT 3, JALAN PELABUR 23/1, 40300 SHAH ALAM, SELANGOR.', 'total': '26.58'}"
196,<PIL.JpegImagePlugin.JpegImageFile image mode=RGB size=608x1182 at 0x7F90CA7A2620>,"{'company': 'GARDENIA BAKERIES (KL) SDN BHD', 'date': '31/08/2017', 'address': 'LOT 3, JALAN PELABUR 23/1, 40300 SHAH ALAM, SELANGOR.', 'total': '1.52'}"
197,<PIL.JpegImagePlugin.JpegImageFile image mode=RGB size=612x1232 at 0x7F90CA7A2680>,"{'company': 'GARDENIA BAKERIES (KL) SDN BHD', 'date': '29/08/2017', 'address': 'LOT 3, JALAN PELABUR 23/1, 40300 SHAH ALAM, SELANGOR.', 'total': '37.90'}"
198,<PIL.JpegImagePlugin.JpegImageFile image mode=RGB size=612x1392 at 0x7F90CA7A26E0>,"{'company': 'PINGHWAI TRADING SDN BHD', 'date': '22/08/2017', 'address': 'NO.2, JALAN METRO PERDANA TIMUR 11. KEPONG ENTERPRENUERS PARK, OFF JALAN KEPONG. 52100 KUALA LUMPUR.', 'total': '393.00'}"
199,<PIL.JpegImagePlugin.JpegImageFile image mode=RGB size=620x1216 at 0x7F90CA7A2740>,"{'company': 'GARDENIA BAKERIES (KL) SDN BHD', 'date': '20/08/2017', 'address': 'LOT 3, JALAN PELABUR 23/1, 40300 SHAH ALAM, SELANGOR.', 'total': '55.14'}"
200,<PIL.JpegImagePlugin.JpegImageFile image mode=RGB size=624x1208 at 0x7F90CA7A27A0>,"{'company': 'GARDENIA BAKERIES (KL) SDN BHD', 'date': '18/08/2017', 'address': 'LOT 3, JALAN PELABUR 23/1, 40300 SHAH ALAM, SELANGOR.', 'total': '-6.42'}"
201,<PIL.JpegImagePlugin.JpegImageFile image mode=RGB size=616x1176 at 0x7F90CA7A2800>,"{'company': 'GARDENIA BAKERIES (KL) SDN BHD', 'date': '16/08/2017', 'address': 'LOT 3, JALAN PELABUR 23/1, 40300 SHAH ALAM, SELANGOR.', 'total': '59.31'}"
202,<PIL.JpegImagePlugin.JpegImageFile image mode=RGB size=620x1219 at 0x7F90CA7A2860>,"{'company': 'GARDENIA BAKERIES (KL) SDN BHD', 'date': '15/08/2017', 'address': 'LOT 3, JALAN PELABUR 23/1, 40300 SHAH ALAM, SELANGOR.', 'total': '32.13'}"
203,<PIL.JpegImagePlugin.JpegImageFile image mode=RGB size=620x1008 at 0x7F90CA7A28C0>,"{'company': 'GARDENIA BAKERIES (KL) SDN BHD', 'date': '03/08/2017', 'address': 'LOT 3, JALAN PELABUR 23/1, 40300 SHAH ALAM, SELANGOR.', 'total': '-5.09'}"
204,<PIL.JpegImagePlugin.JpegImageFile image mode=RGB size=616x1230 at 0x7F90CA7A2920>,"{'company': 'GARDENIA BAKERIES (KL) SDN BHD', 'date': '07/08/2017', 'address': 'LOT 3, JALAN PELABUR 23/1, 40300 SHAH ALAM, SELANGOR.', 'total': '60.26'}"
205,<PIL.JpegImagePlugin.JpegImageFile image mode=RGB size=620x1208 at 0x7F90CA7A2980>,"{'company': 'GARDENIA BAKERIES (KL) SDN BHD', 'date': '04/08/2017', 'address': 'LOT 3, JALAN PELABUR 23/1, 40300 SHAH ALAM, SELANGOR.', 'total': '32.46'}"
206,<PIL.JpegImagePlugin.JpegImageFile image mode=RGB size=620x1252 at 0x7F90CA7A29E0>,"{'company': 'GARDENIA BAKERIES (KL) SDN BHD', 'date': '01/08/2017', 'address': 'LOT 3, JALAN PELABUR 23/1, 40300 SHAH ALAM, SELANGOR.', 'total': '23.35'}"
207,<PIL.JpegImagePlugin.JpegImageFile image mode=RGB size=623x1235 at 0x7F90CA7A2A40>,"{'company': 'GARDENIA BAKERIES (KL) SDN BHD', 'date': '23/09/2017', 'address': 'LOT 3, JALAN PELABUR 23/1, 40300 SHAH ALAM SELANGOR.', 'total': '14.47'}"
208,<PIL.JpegImagePlugin.JpegImageFile image mode=RGB size=621x1338 at 0x7F90CA7A2AA0>,"{'company': 'GARDENIA BAKERIES (KL) SDN BHD', 'date': '22/09/2017', 'address': 'LOT 3, JALAN PELABUR 23/1, 40300 SHAH ALAM, SELANGOR.', 'total': '79.26'}"
209,<PIL.JpegImagePlugin.JpegImageFile image mode=RGB size=616x1208 at 0x7F90CA7A2B00>,"{'company': 'GARDENIA BAKERIES (KL) SDN BHD', 'date': '21/09/2017', 'address': 'LOT 3, JALAN PELABUR 23/1, 40300 SHAH ALAM, SELANGOR.', 'total': '43.36'}"
210,<PIL.JpegImagePlugin.JpegImageFile image mode=RGB size=649x1161 at 0x7F90CA7A2B60>,"{'company': 'GARDENIA BAKERIES (KL) SDN BHD', 'date': '20/09/2017', 'address': 'LOT 3, JALAN PELABUR 23/1, 40300 SHAH ALAM, SELANGOR.', 'total': '23.02'}"
211,<PIL.JpegImagePlugin.JpegImageFile image mode=RGB size=620x1204 at 0x7F90CA7A2BC0>,"{'company': 'GARDENIA BAKERIES (KL) SDN BHD', 'date': '14/09/2017', 'address': 'LOT 3, JALAN PELABUR 23/1, 40300 SHAH ALAM, SELANGOR.', 'total': '25.84'}"
212,<PIL.JpegImagePlugin.JpegImageFile image mode=RGB size=612x1204 at 0x7F90CA7A2C20>,"{'company': 'GARDENIA BAKERIES (KL) SDN BHD', 'date': '02/09/2017', 'address': 'LOT 3, JALAN PELABUR 23/1, 40300 SHAH ALAM, SELANGOR.', 'total': '48.57'}"
213,<PIL.JpegImagePlugin.JpegImageFile image mode=RGB size=616x1192 at 0x7F90CA7A2C80>,"{'company': 'GARDENIA BAKERIES (KL) SDN BHD', 'date': '27/09/2017', 'address': 'LOT 3, JALAN PELABUR 23/1, 40300 SHAH ALAM, SELANGOR.', 'total': '28.98'}"
214,<PIL.JpegImagePlugin.JpegImageFile image mode=RGB size=616x1224 at 0x7F90CA7A2CE0>,"{'company': 'GARDENIA BAKERIES (KL) SDN BHD', 'date': '26/09/2017', 'address': 'LOT 3, JALAN PELABUR 23/1, 40300 SHAH ALAM, SELANGOR.', 'total': '53.96'}"
215,<PIL.JpegImagePlugin.JpegImageFile image mode=RGB size=616x1192 at 0x7F90CA7A2D40>,"{'company': 'GARDENIA BAKERIES (KL) SDN BHD', 'date': '24/09/2017', 'address': 'LOT 3, JALAN PELABUR 23/1, 40300 SHAH ALAM, SELANGOR.', 'total': '38.55'}"
216,<PIL.JpegImagePlugin.JpegImageFile image mode=RGB size=616x1264 at 0x7F90CA7A2DA0>,"{'company': 'GARDENIA BAKERIES (KL) SDN BHD', 'date': '12/09/2017', 'address': 'LOT 3, JALAN PELABUR 23/1, 40300 SHAH ALAM, SELANGOR.', 'total': '84.78'}"
217,<PIL.JpegImagePlugin.JpegImageFile image mode=RGB size=620x1291 at 0x7F90CA7A2E00>,"{'company': 'GARDENIA BAKERIES (KL) SDN BHD', 'date': '06/09/2017', 'address': 'LOT 3, JALAN PELABUR 23/1, 40300 SHAH ALAM, SELANGOR', 'total': '62.82'}"
218,<PIL.JpegImagePlugin.JpegImageFile image mode=RGB size=616x1230 at 0x7F90CA7A2E60>,"{'company': 'GARDENIA BAKERIES (KL) SDN BHD', 'date': '02/10/2017', 'address': 'LOT 3, JALAN PELABUR 23/1, 40300 SHAH ALAM, SELANGOR.', 'total': '35.58'}"
219,<PIL.JpegImagePlugin.JpegImageFile image mode=RGB size=616x1184 at 0x7F90CA7A2EC0>,"{'company': 'GARDENIA BAKERIES (KL) SDN BHD', 'date': '01/09/2017', 'address': 'LOT 3, JALAN PELABUR 23/1, 40300 SHAH ALAM, SELANGOR.', 'total': '5.00'}"
220,<PIL.JpegImagePlugin.JpegImageFile image mode=RGB size=620x1188 at 0x7F90CA7A2F20>,"{'company': 'GARDENIA BAKERIES (KL) SDN BHD', 'date': '28/10/2017', 'address': 'LOT 3, JALAN PELABUR 23/1, 40300 SHAH ALAM, SELANGOR.', 'total': '32.26'}"
221,<PIL.JpegImagePlugin.JpegImageFile image mode=RGB size=620x1224 at 0x7F90CA7A2F80>,"{'company': 'GARDENIA BAKERIES (KL) SDN BHD', 'date': '16/10/2017', 'address': 'LOT 3, JALAN PELABUR 23/1, 40300 SHAH ALAM, SELANGOR.', 'total': '42.25'}"
222,<PIL.JpegImagePlugin.JpegImageFile image mode=RGB size=616x1224 at 0x7F90CA7A2FE0>,"{'company': 'GARDENIA BAKERIES (KL) SDN BHD', 'date': '13/10/2017', 'address': 'LOT 3, JALAN PELABUR 23/1, 40300 SHAH ALAM, SELANGOR.', 'total': '39.77'}"
223,<PIL.JpegImagePlugin.JpegImageFile image mode=RGB size=620x1192 at 0x7F90CA7A3040>,"{'company': 'GARDENIA BAKERIES (KL) SDN BHD', 'date': '11/10/2017', 'address': 'LOT 3, JALAN PELABUR 23/1, 40300 SHAH ALAM, SELANGOR.', 'total': '27.10'}"
224,<PIL.JpegImagePlugin.JpegImageFile image mode=RGB size=620x1158 at 0x7F90CA7A30A0>,"{'company': 'GARDENIA BAKERIES (KL) SDN BHD', 'date': '07/10/2017', 'address': 'LOT 3, JALAN PELABUR 23/1, 40300 SHAH ALAM, SELANGOR.', 'total': '32.12'}"
225,<PIL.JpegImagePlugin.JpegImageFile image mode=RGB size=616x960 at 0x7F90CA7A3100>,"{'company': 'GARDENIA BAKERIES (KL) SDN BHD', 'date': '06/10/2017', 'address': 'LOT 3, JALAN PELABUR 23/1, 40300 SHAH ALAM, SELANGOR.', 'total': '33.84'}"
226,<PIL.JpegImagePlugin.JpegImageFile image mode=RGB size=616x1176 at 0x7F90CA7A3160>,"{'company': 'GARDENIA BAKERIES (KL) SDN BHD', 'date': '27/10/2017', 'address': 'LOT 3, JALAN PELABUR 23/1, 40300 SHAH ALAM, SELANGOR.', 'total': '35.88'}"
227,<PIL.JpegImagePlugin.JpegImageFile image mode=RGB size=880x1856 at 0x7F90CA7A31C0>,"{'company': 'YIN MA (M) SDN.BHD.', 'date': '31 JAN 2016', 'address': 'NO.2, JALAN UDANG SIAR 2, TAMAN SRI SEGAMBUT, 52000 KUALA LUMPUR.', 'total': '5.40'}"
228,<PIL.JpegImagePlugin.JpegImageFile image mode=RGB size=884x1701 at 0x7F90CA7A3220>,"{'company': '99 SPEED MART S/B', 'date': '31-01-16', 'address': 'LOT P.T. 33198, BATU 4 JALAN KAPAR, MUKIM KAPAR 42100 KLANG, SELANGOR 1320-TMN BATU', 'total': '262.20'}"
229,<PIL.JpegImagePlugin.JpegImageFile image mode=RGB size=884x2339 at 0x7F90CA7A3280>,"{'company': 'MR. D.I.Y. (M) SDN BHD', 'date': '18-04-16', 'address': 'LOT 1851-A & 1851-B, JALAN KPB 6, KAWASAN PERINDUSTRIAN BALAKONG, 43300 SERI KEMBANGAN, SELANGOR', 'total': 'RM 96.90'}"
230,<PIL.JpegImagePlugin.JpegImageFile image mode=RGB size=888x1648 at 0x7F90CA7A32E0>,"{'company': 'KEDAI UBAT & RUNCIT HONG NING SDN. BHD.', 'date': '21/12/16', 'address': 'NO.8,JALAN LANG KUNING, KEPONG BARU, 52100 KUALA LUMPUR.', 'total': '8.00'}"
231,<PIL.JpegImagePlugin.JpegImageFile image mode=RGB size=880x1838 at 0x7F90CA7A3340>,"{'company': 'KEDAI UBAT & RUNCIT HONG NING SDN. BHD.', 'date': '24/12/16', 'address': 'NO.8,JALAN LANG KUNING, KEPONG BARU, 52100 KUALA LUMPUR', 'total': '25.55'}"
232,<PIL.JpegImagePlugin.JpegImageFile image mode=RGB size=920x1582 at 0x7F90CA7A33A0>,"{'company': 'GOLDEN ARCHES RESTAURANTS SDN BHD', 'date': '03/12/2016', 'address': 'NO.3, JALAN SS21/39,47400 PETALING JAYA SELANGOR', 'total': '14.70'}"
233,<PIL.JpegImagePlugin.JpegImageFile image mode=RGB size=932x1512 at 0x7F90CA7A3400>,"{'company': 'GUDANG HASIL RESTAURANT SDN BHD', 'date': '02-12-2016', 'address': 'NO. 33, LRG HANG JEBAT, MELAKA', 'total': 'RM15.80'}"
234,<PIL.JpegImagePlugin.JpegImageFile image mode=RGB size=888x2200 at 0x7F90CA7A3460>,"{'company': '99 SPEED MART S/B', 'date': '06-12-16', 'address': 'LOT P.T. 2811, JALAN ANGSA, TAMAN BERKELEY 41150 KLANG, SELANGOR 1605-TMN SRI BINTANG', 'total': '85.45'}"
235,<PIL.JpegImagePlugin.JpegImageFile image mode=RGB size=888x1542 at 0x7F90CA7A34C0>,"{'company': 'KEDAI UBAT & RUNCIT HONG NING SDN. BHD.', 'date': '02/02/16', 'address': 'NO.8,JALAN LANG KUNING, KEPONG BARU, 52100 KUALA LUMPUR', 'total': '676.00'}"
236,<PIL.JpegImagePlugin.JpegImageFile image mode=RGB size=892x1975 at 0x7F90CA7A3520>,"{'company': 'MR. D.I.Y. (KUCHAI) SDN BHD', 'date': '01-02-16', 'address': 'LOT 1851-A & 1851-B, JALAN KPB 6, KAWASAN PERINDUSTRIAN BALAKONG, 43300 SERI KEMBANGAN, SELANGOR', 'total': 'RM 26.40'}"
237,<PIL.JpegImagePlugin.JpegImageFile image mode=RGB size=884x2180 at 0x7F90CA7A3580>,"{'company': 'MR. D.I.Y. (M) SDN BHD', 'date': '21-02-16', 'address': 'LOT 1851-A & 1851-B, JALAN KPB 6, KAWASAN PERINDUSTRIAN BALAKONG, 43300 SERI KEMBANGAN, SELANGOR', 'total': 'RM 30.90'}"
238,<PIL.JpegImagePlugin.JpegImageFile image mode=RGB size=884x1826 at 0x7F90CA7A35E0>,"{'company': 'MR. D.I.Y. (KUCHAI) SDN BHD', 'date': '10-01-16', 'address': 'LOT 1851-A & 1851-B, JALAN KPB 6, KAWASAN PERINDUSTRIAN BALAKONG, 43300 SERI KEMBANGAN, SELANGOR', 'total': 'RM 8.10'}"
239,<PIL.JpegImagePlugin.JpegImageFile image mode=RGB size=884x1826 at 0x7F90CA7A3640>,"{'company': 'MR. D.I.Y. (KUCHAI) SDN BHD', 'date': '11-01-16', 'address': 'LOT 1851-A & 1851-B, JALAN KPB 6, KAWASAN PERINDUSTRIAN BALAKONG, 43300 SERI KEMBANGAN, SELANGOR', 'total': 'RM 7.00'}"
240,<PIL.JpegImagePlugin.JpegImageFile image mode=RGB size=884x2293 at 0x7F90CA7A36A0>,"{'company': 'MR. D.I.Y. (M) SDN BHD', 'date': '11-01-16', 'address': 'LOT 1851-A & 1851-B, JALAN KPB 6, KAWASAN PERINDUSTRIAN BALAKONG, 43300 SERI KEMBANGAN, SELANGOR', 'total': 'RM 32.80'}"
241,<PIL.JpegImagePlugin.JpegImageFile image mode=RGB size=888x1996 at 0x7F90CA7A3700>,"{'company': '99 SPEED MART S/B', 'date': '13-01-16', 'address': 'LOT P.T. 33198, BATU 4 JALAN KAPAR, MUKIM KAPAR 42100 KLANG, SELANGOR 1605-TMN SRI BINTANG', 'total': '71.60'}"
242,<PIL.JpegImagePlugin.JpegImageFile image mode=RGB size=888x1522 at 0x7F90CA7A3760>,"{'company': 'KEDAI UBAT & RUNCIT HONG NING SDN. BHD.', 'date': '02/01/16', 'address': 'NO.8,JALAN LANG KUNING, KEPONG BARU, 52100 KUALA LUMPUR.', 'total': '29.10'}"
243,<PIL.JpegImagePlugin.JpegImageFile image mode=RGB size=888x2280 at 0x7F90CA7A37C0>,"{'company': 'MR. D.I.Y. (KUCHAI) SDN BHD', 'date': '05-01-16', 'address': 'LOT 1851-A & 1851-B, JALAN KPB 6, KAWASAN PERINDUSTRIAN BALAKONG, 43300 SERI KEMBANGAN, SELANGOR', 'total': 'RM 34.40'}"
244,<PIL.JpegImagePlugin.JpegImageFile image mode=RGB size=884x2886 at 0x7F90CA7A3820>,"{'company': 'MR. D.I.Y. (M) SDN BHD', 'date': '10-01-16', 'address': 'LOT 1851-A & 1851-B, JALAN KPB 6, KAWASAN PERINDUSTRIAN BALAKONG, 43300 SERI KEMBANGAN, SELANGOR', 'total': 'RM 59.20'}"
245,<PIL.JpegImagePlugin.JpegImageFile image mode=RGB size=936x1562 at 0x7F90CA7A3880>,"{'company': 'YAM FRESH', 'date': '2016-07-31', 'address': 'NO.145G, JALAN RIMBUNAN RAYA 1, LAMAN RIMBUNAN KEPONG, 52100 KUALA LUMPUR', 'total': 'RM7.95'}"
246,<PIL.JpegImagePlugin.JpegImageFile image mode=RGB size=884x1852 at 0x7F90CA7A38E0>,"{'company': 'SECURITY & OA TRADING', 'date': '7/6/2016', 'address': 'LOT TC007 & 008, 3RD FLOOR, SG. WANG PLAZA', 'total': '399.00'}"
247,<PIL.JpegImagePlugin.JpegImageFile image mode=RGB size=884x1868 at 0x7F90CA7A3940>,"{'company': 'YIN MA (M) SDN.BHD.', 'date': '19 JUL 2016', 'address': 'NO.2, JALAN UDANG SIAR 2, TAMAN SRI SEGAMBUT, 52000 KUALA LUMPUR.', 'total': '14.50'}"
248,<PIL.JpegImagePlugin.JpegImageFile image mode=RGB size=888x1758 at 0x7F90CA7A39A0>,"{'company': 'YIN MA (M) SDN.BHD.', 'date': '03 JUN 2016', 'address': 'NO.2, JALAN UDANG SIAR 2, TAMAN SRI SEGAMBUT, 52000 KUALA LUMPUR.', 'total': '32.70'}"
249,<PIL.JpegImagePlugin.JpegImageFile image mode=RGB size=892x1495 at 0x7F90CA7A3A00>,"{'company': '99 SPEED MART S/B', 'date': '08-06-16', 'address': 'LOT P.T. 33198, BATU 4 JALAN KAPAR, MUKIM KAPAR 42100 KLANG, SELANGOR 1181-TMN SRI SINAR', 'total': '2.10'}"
250,<PIL.JpegImagePlugin.JpegImageFile image mode=RGB size=888x2021 at 0x7F90CA7A3A60>,"{'company': 'MONSIEUR ( M ) SDN. BHD.', 'date': '12/06/2016', 'address': 'LOT S319A, 2ND FLOOR, 1 UTAMA SHOPPING CENTRE - PHASE 2 PERSIARAN BANDAR UTAMA, 47800 PETALING JAYA. MALAYSIA', 'total': '23.20'}"
251,<PIL.JpegImagePlugin.JpegImageFile image mode=RGB size=888x2168 at 0x7F90CA7A3AC0>,"{'company': 'MR. D.I.Y. (M) SDN BHD', 'date': '06-05-16', 'address': 'LOT 1851-A & 1851-B, JALAN KPB 6, KAWASAN PERINDUSTRIAN BALAKONG, 43300 SERI KEMBANGAN, SELANGOR', 'total': 'RM 26.70'}"
252,<PIL.JpegImagePlugin.JpegImageFile image mode=RGB size=888x2792 at 0x7F90CA7A3B20>,"{'company': 'PACIFIC ASIAN FOOD DELIGHTS S/B', 'date': '08/05/2016', 'address': 'NO.35,GROUND FLOOR JLN METRO PERDANA BARAT 1 TAMAN USAHAWAN KEPONG 52100 KL', 'total': '78.50'}"
253,<PIL.JpegImagePlugin.JpegImageFile image mode=RGB size=888x1917 at 0x7F90CA7A3B80>,"{'company': 'MONSIEUR ( M ) SDN. BHD.', 'date': '01/05/2016', 'address': 'LOT S319A, 2ND FLOOR, 1 UTAMA SHOPPING CENTRE - PHASE 2 PERSIARAN BANDAR UTAMA, 47800 PETALING JAYA. MALAYSIA', 'total': '8.80'}"
254,<PIL.JpegImagePlugin.JpegImageFile image mode=RGB size=888x1644 at 0x7F90CA7A3BE0>,"{'company': '99 SPEED MART S/B', 'date': '20-09-16', 'address': 'LOT P.T. 33198, BATU 4 JALAN KAPAR, MUKIM KAPAR 42100 KLANG, SELANGOR 1558-TMN PUSAT KEPONG', 'total': '14.20'}"
255,<PIL.JpegImagePlugin.JpegImageFile image mode=RGB size=443x859 at 0x7F90CA7A3C40>,"{'company': 'RESTORAN HOETIM', 'date': '28/05/2018', 'address': '1-G,JALAN OS 1/3,ONE SELAYANG OFF JALAN RAWANG 68100 B.CAVES', 'total': 'RM83.00'}"
256,<PIL.JpegImagePlugin.JpegImageFile image mode=RGB size=627x2023 at 0x7F90CA7A3CA0>,"{'company': 'KECHARA VEGETARIAN RESTAURANT S/B', 'date': '15/05/18', 'address': 'NO. 72A, JALAN UNIVERSITI, 46200, PETALING JAYA, SELANGOR.', 'total': '64.50'}"
257,<PIL.JpegImagePlugin.JpegImageFile image mode=RGB size=884x1642 at 0x7F90CA7A3D00>,"{'company': '99 SPEED MART S/B', 'date': '19-10-16', 'address': 'LOT P.T. 33198, BATU 4 JALAN KAPAR, MUKIM KAPAR 42100 KLANG, SELANGOR 1558-TMN PUSAT KEPONG', 'total': '14.20'}"
258,<PIL.JpegImagePlugin.JpegImageFile image mode=RGB size=936x1934 at 0x7F90CA7A3D60>,"{'company': 'PU TIEN (M) SDN BHD', 'date': '12/10/2017', 'address': 'LOT 2-25, SUNWAY VELOCITY MALL LINGKARAN SV, SUNWAY VELOCITY, 55100 KUALA LUMPUR', 'total': 'RM36.96'}"
259,<PIL.JpegImagePlugin.JpegImageFile image mode=RGB size=936x2033 at 0x7F90CA7A3DC0>,"{'company': 'YHM MID VALLEY', 'date': '15/12/2017', 'address': 'LOT T-015B, LEVEL 3, MID VALLEY CITY, LINGKARAN SYED PUTRA, 59200 KUALA LUMPUR MALAYSIA.', 'total': '21.60'}"
260,<PIL.JpegImagePlugin.JpegImageFile image mode=RGB size=936x2868 at 0x7F90CA7A3E20>,"{'company': 'THE COFFEE BEAN & TEA LEAF (M) SDN. BHD.', 'date': '15/12/2017', 'address': 'UNIT G047, GROUND FLOOR MID VALLEY MEGAMALL MID VALLEY CITY, LINGKARAN SYED PUT 59200 KUALA LUMPUR', 'total': '39.70'}"
261,<PIL.JpegImagePlugin.JpegImageFile image mode=RGB size=713x2025 at 0x7F90CA7A3E80>,"{'company': 'GUARDIAN HEALTH AND BEAUTY SDN BHD', 'date': '16/08/17', 'address': 'LOT B-005-006, BASEMENT LEVEL 1 THE STARLING MALL JALAN SS21/60, DAMANSARA UTAMA.', 'total': '108.21'}"
262,<PIL.JpegImagePlugin.JpegImageFile image mode=RGB size=884x1667 at 0x7F90CA7A3EE0>,"{'company': 'SKL DAMANSARA ENTERPRISE', 'date': '28/07/17', 'address': '69G, JALAN SS21/60, DAMANSARA UTAMA, 47400 PETALING JAYA, SELANGOR.', 'total': '28.80'}"
263,<PIL.JpegImagePlugin.JpegImageFile image mode=RGB size=932x2093 at 0x7F90CA7A3F40>,"{'company': 'AEON CO. (M) BHD', 'date': '09/07/2017', 'address': '3RD FLR, AEON TAMAN MALURI SC JLN JEJAKA, TAMAN MALURI CHERAS, 55100 KUALA LUMPUR', 'total': '23.80'}"
264,<PIL.JpegImagePlugin.JpegImageFile image mode=RGB size=709x1281 at 0x7F90CA7A3FA0>,"{'company': '99 SPEED MART S/B', 'date': '14-08-17', 'address': 'LOT P.T. 2811, JALAN ANGSA, TAMAN BERKELEY 41150 KLANG, SELANGOR 1056-UPTOWN', 'total': '3.30'}"
265,<PIL.JpegImagePlugin.JpegImageFile image mode=RGB size=932x2167 at 0x7F90CA7A3FD0>,"{'company': 'BECON ENTERPRISE SDN BHD', 'date': '13-11-2017', 'address': 'NO.41G, JLN SS21/60, DAMANSARA UTAMA, 47400 PJ, SELANGOR.', 'total': '270.10'}"
266,<PIL.JpegImagePlugin.JpegImageFile image mode=RGB size=4961x7016 at 0x7F90CA6700A0>,"{'company': 'ROYALTEA', 'date': '09/05/2018', 'address': 'NO. 23, JALAN SUTERA TANJUNG 8/3, TAMAN SUTERA UTAMA 81300 SKUDAI JOHOR,MALAYSIA.', 'total': '10.90'}"
267,<PIL.JpegImagePlugin.JpegImageFile image mode=RGB size=4961x7016 at 0x7F90CA670100>,"{'company': 'THE TOAST F&B SDN BHD', 'date': '19/05/2018', 'address': 'LOT 2110&2111 JALAN PERMAS UTARA BANDAR BARU PERMAS 81750,JOHOR BAHRU JOHOR', 'total': '71.10'}"
268,<PIL.JpegImagePlugin.JpegImageFile image mode=RGB size=4961x7016 at 0x7F90CA670160>,"{'company': 'BHPETROL PERMAS JAYA 2', 'date': '08-05-2018', 'address': 'LOT PTD 101051 JALAN PERMAS 10/10 81750 MASAI, JOHOR', 'total': 'RM 50.00'}"
269,<PIL.JpegImagePlugin.JpegImageFile image mode=RGB size=4961x7016 at 0x7F90CA6701C0>,"{'company': 'AEON CO. (M) BHD', 'date': '11/05/2018', 'address': '3RD FLR, AEON TAMAN MALURI SC JLN JEJAKA, TAMAN MALURI CHERAS, 55100 KUALA LUMPUR', 'total': '458.55'}"
270,<PIL.JpegImagePlugin.JpegImageFile image mode=RGB size=4961x7016 at 0x7F90CA670220>,"{'company': 'UNIHAKKA INTERNATIONAL SDN BHD', 'date': '10 MAY 2018', 'address': '12, JALAN TAMPOI 7/4,KAWASAN PERINDUSTRIAN TAMPOI,81200 JOHOR BAHRU,JOHOR', 'total': '$12.20'}"
271,<PIL.JpegImagePlugin.JpegImageFile image mode=RGB size=4961x7016 at 0x7F90CA670280>,"{'company': 'UNIHAKKA INTERNATIONAL SDN BHD', 'date': '21 MAY 2018', 'address': '2, JALAN TAMPOI 7/4,KAWASAN PERINDUSTRIAN TAMPOI,81200 JOHOR BAHRU,JOHOR', 'total': '$8.20'}"
272,<PIL.JpegImagePlugin.JpegImageFile image mode=RGB size=4961x7016 at 0x7F90CA6702E0>,"{'company': 'UNIHAKKA INTERNATIONAL SDN BHD', 'date': '23 MAY 2018', 'address': '12, JALAN TAMPOI 7/4,KAWASAN PERINDUSTRIAN TAMPOI,81200 JOHOR BAHRU,JOHOR', 'total': '$9.20'}"
273,<PIL.JpegImagePlugin.JpegImageFile image mode=RGB size=775x1307 at 0x7F90CA670340>,"{'company': 'GOLDEN KEY MAKER', 'date': '11-APR-2018', 'address': 'NO 5, JALAN KENARI 2, BANDAR PUCHONG JAYA, 47100 PUCHONG, SELANGOR', 'total': '10.00'}"
274,<PIL.JpegImagePlugin.JpegImageFile image mode=RGB size=831x1124 at 0x7F90CA6703A0>,"{'company': 'MR. D.I.Y. (M) SDN BHD', 'date': '14-04-18', 'address': 'LOT 1851-A & 1851-B, JALAN KPB 6, KAWASAN PERINDUSTRIAN BALAKONG, 43300 SERI KEMBANGAN, SELANGOR', 'total': 'RM 5.00'}"
275,<PIL.JpegImagePlugin.JpegImageFile image mode=RGB size=792x1329 at 0x7F90CA670400>,"{'company': 'MR. D.I.Y. (M) SDN BHD', 'date': '21-04-18', 'address': 'LOT 1851-A & 1851-B, JALAN KPB 6, KAWASAN PERINDUSTRIAN BALAKONG, 43300 SERI KEMBANGAN, SELANGOR', 'total': 'RM 48.90'}"
276,<PIL.JpegImagePlugin.JpegImageFile image mode=RGB size=752x1425 at 0x7F90CA670460>,"{'company': 'MR. D.I.Y. (M) SDN BHD', 'date': '22-04-18', 'address': 'LOT 1851-A & 1851-B, JALAN KPB 6, KAWASAN PERINDUSTRIAN BALAKONG, 43300 SERI KEMBANGAN, SELANGOR', 'total': 'RM 27.20'}"
277,<PIL.JpegImagePlugin.JpegImageFile image mode=RGB size=842x1280 at 0x7F90CA6704C0>,"{'company': 'MR. D.I.Y. (M) SDN BHD', 'date': '27-04-18', 'address': 'LOT 1851-A & 1851-B, JALAN KPB 6, KAWASAN PERINDUSTRIAN BALAKONG, 43300 SERI KEMBANGAN, SELANGOR', 'total': '1.90'}"
278,<PIL.JpegImagePlugin.JpegImageFile image mode=RGB size=625x1076 at 0x7F90CA670520>,"{'company': 'UNIPHARM PHARMACY', 'date': '05/APR/2018', 'address': 'B12, JALAN SS 15/4D, 47500 SUBANG JAYA,', 'total': '24.90'}"
279,<PIL.JpegImagePlugin.JpegImageFile image mode=L size=4961x7016 at 0x7F90CA670580>,"{'company': 'UNIHAKKA INTERNATIONAL SDN BHD', 'date': '06 MAY 2018', 'address': '12, JALAN TAMPOI 7/4,KAWASAN PERINDUSTRIAN TAMPOI,81200 JOHOR BAHRU,JOHOR', 'total': '$7.30'}"
280,<PIL.JpegImagePlugin.JpegImageFile image mode=L size=4961x7016 at 0x7F90CA6705E0>,"{'company': 'UNIHAKKA INTERNATIONAL SDN BHD', 'date': '12 MAY 2018', 'address': '12, JALAN TAMPOI 7/4,KAWASAN PERINDUSTRIAN TAMPOI,81200 JOHOR BAHRU,JOHOR', 'total': '$6.60'}"
281,<PIL.JpegImagePlugin.JpegImageFile image mode=L size=4854x6701 at 0x7F90CA670670>,"{'company': 'UNIHAKKA INTERNATIONAL SDN BHD', 'date': '02 MAY 2018', 'address': '12, JALAN TAMPOI 7/4,KAWASAN PERINDUSTRIAN TAMPOI,81200 JOHOR BAHRU,JOHOR', 'total': '$8.20'}"
282,<PIL.JpegImagePlugin.JpegImageFile image mode=L size=4961x7016 at 0x7F90CA670700>,"{'company': 'UNIHAKKA INTERNATIONAL SDN BHD', 'date': '11 MAY 2018', 'address': '12, JALAN TAMPOI 7/4,KAWASAN PERINDUSTRIAN TAMPOI,81200 JOHOR BAHRU,JOHOR', 'total': '$7.80'}"
283,<PIL.JpegImagePlugin.JpegImageFile image mode=L size=4961x7016 at 0x7F90CA670790>,"{'company': 'UNIHAKKA INTERNATIONAL SDN BHD', 'date': '03 MAY 2018', 'address': '12, JALAN TAMPOI 7/4,KAWASAN PERINDUSTRIAN TAMPOI,81200 JOHOR BAHRU,JOHOR', 'total': '$8.20'}"
284,<PIL.JpegImagePlugin.JpegImageFile image mode=L size=4961x7016 at 0x7F90CA670820>,"{'company': 'UNIHAKKA INTERNATIONAL SDN BHD', 'date': '04 MAY 2018', 'address': '12, JALAN TAMPOI 7/4,KAWASAN PERINDUSTRIAN TAMPOI,81200 JOHOR BAHRU,JOHOR', 'total': '$6.60'}"
285,<PIL.JpegImagePlugin.JpegImageFile image mode=L size=4961x7016 at 0x7F90CA6708B0>,"{'company': 'DE JELITA STESEN MINYAK', 'date': '02/05/18', 'address': 'JLN PERMAS 9/5, BDR PERMAS JAYA 81750, JOHOR BAHRU', 'total': '60.00'}"
286,<PIL.JpegImagePlugin.JpegImageFile image mode=RGB size=4961x7016 at 0x7F90CA670940>,"{'company': 'GERBANG ALAF RESTAURANTS SDN BHD', 'date': '26/05/2018', 'address': 'LEVEL 6, BANGUNAN TH, DAMANSARA UPTOWN3 NO.3, JALAN SS21/39,47400 PETALING JAYA SELANGOR', 'total': '32.25'}"
287,<PIL.JpegImagePlugin.JpegImageFile image mode=RGB size=4961x7016 at 0x7F90CA6709D0>,"{'company': 'GLOBAL FOOD EMPIRE SDN BHD', 'date': '2018-05-01', 'address': 'NO. 27, JALAN AUSTIN HEIGHT 8/4, TAMAN MOUNT AUSTIN, 81100 JOHOR BAHRU.', 'total': '38.35'}"
288,<PIL.JpegImagePlugin.JpegImageFile image mode=RGB size=619x1475 at 0x7F90CA721630>,"{'company': 'SANYU STATIONERY SHOP', 'date': '05/04/2017', 'address': 'NO. 31G&33G, JALAN SETIA INDAH X ,U13/X 40170 SETIA ALAM', 'total': '3.30'}"
289,<PIL.JpegImagePlugin.JpegImageFile image mode=RGB size=615x1475 at 0x7F90CA721600>,"{'company': 'SANYU STATIONERY SHOP', 'date': '27/03/2017', 'address': 'NO. 31G&33G, JALAN SETIA INDAH X ,U13/X 40170 SETIA ALAM', 'total': '8.70'}"
290,<PIL.JpegImagePlugin.JpegImageFile image mode=RGB size=623x1471 at 0x7F90CA7213C0>,"{'company': 'SANYU STATIONERY SHOP', 'date': '28/10/2017', 'address': 'NO. 31G&33G, JALAN SETIA INDAH X ,U13/X 40170 SETIA ALAM', 'total': '21.90'}"
291,<PIL.JpegImagePlugin.JpegImageFile image mode=RGB size=623x1471 at 0x7F90CA7215A0>,"{'company': 'SANYU STATIONERY SHOP', 'date': '17/11/2017', 'address': 'NO. 31G&33G, JALAN SETIA INDAH X ,U13/X 40170 SETIA ALAM', 'total': '2.00'}"
292,<PIL.JpegImagePlugin.JpegImageFile image mode=RGB size=623x1479 at 0x7F90CA7214B0>,"{'company': 'SANYU STATIONERY SHOP', 'date': '12/09/2017', 'address': 'NO. 31G&33G, JALAN SETIA INDAH X ,U13/X 40170 SETIA ALAM', 'total': '8.70'}"
293,<PIL.JpegImagePlugin.JpegImageFile image mode=RGB size=623x1475 at 0x7F90CA721420>,"{'company': 'SANYU STATIONERY SHOP', 'date': '14/10/2017', 'address': 'NO. 31G&33G, JALAN SETIA INDAH X ,U13/X 40170 SETIA ALAM', 'total': '8.70'}"
294,<PIL.JpegImagePlugin.JpegImageFile image mode=RGB size=623x1471 at 0x7F90CA721870>,"{'company': 'SANYU STATIONERY SHOP', 'date': '24/09/2017', 'address': 'NO. 31G&33G, JALAN SETIA INDAH X ,U13/X 40170 SETIA ALAM', 'total': '8.70'}"
295,<PIL.JpegImagePlugin.JpegImageFile image mode=RGB size=623x1475 at 0x7F90CA721810>,"{'company': 'SANYU STATIONERY SHOP', 'date': '24/10/2017', 'address': 'NO. 31G&33G, JALAN SETIA INDAH X ,U13/X 40170 SETIA ALAM', 'total': '3.00'}"
296,<PIL.JpegImagePlugin.JpegImageFile image mode=RGB size=619x1475 at 0x7F90CA7217B0>,"{'company': 'SANYU STATIONERY SHOP', 'date': '06/10/2017', 'address': 'NO. 31G&33G, JALAN SETIA INDAH X ,U13/X 40170 SETIA ALAM', 'total': '8.70'}"
297,<PIL.JpegImagePlugin.JpegImageFile image mode=RGB size=619x1507 at 0x7F90CA721750>,"{'company': 'SANYU STATIONERY SHOP', 'date': '16/12/2017', 'address': 'NO. 31G&33G, JALAN SETIA INDAH X ,U13/X 40170 SETIA ALAM', 'total': '8.70'}"
298,<PIL.JpegImagePlugin.JpegImageFile image mode=RGB size=623x1499 at 0x7F90CA7216F0>,"{'company': 'SANYU STATIONERY SHOP', 'date': '21/12/2017', 'address': 'NO. 31G&33G, JALAN SETIA INDAH X ,U13/X 40170 SETIA ALAM', 'total': '3.90'}"
299,<PIL.JpegImagePlugin.JpegImageFile image mode=RGB size=623x1507 at 0x7F90CA7216C0>,"{'company': 'SANYU STATIONERY SHOP', 'date': '29/11/2017', 'address': 'NO. 31G&33G, JALAN SETIA INDAH X ,U13/X 40170 SETIA ALAM', 'total': '2.30'}"
300,<PIL.JpegImagePlugin.JpegImageFile image mode=RGB size=627x1599 at 0x7F90CB237460>,"{'company': 'SANYU STATIONERY SHOP', 'date': '23/11/2017', 'address': 'NO. 31G&33G, JALAN SETIA INDAH X ,U13/X 40170 SETIA ALAM', 'total': '10.90'}"
301,<PIL.JpegImagePlugin.JpegImageFile image mode=RGB size=591x1807 at 0x7F90CA71FFD0>,"{'company': 'AIK HUAT HARDWARE ENTERPRISE (SETIA ALAM) SDN BHD', 'date': '22/09/2017', 'address': 'NO. 17-G, JALAN SETIA INDAH (X) U13/X, SETIA ALAM, SEKSYEN U13, 40170 SHAH ALAM,', 'total': '28.00'}"
302,<PIL.JpegImagePlugin.JpegImageFile image mode=RGB size=615x1063 at 0x7F90CB26B490>,"{'company': 'SUPER NINETY NINE SDN.BHD.', 'date': '31/05/2018', 'address': 'NO.3343, GROUND FLOOR, JALAN 18/32, TAMAN SRI SERDANG, 43300 SERI KEMBANGAN,', 'total': '3.00'}"
303,<PIL.JpegImagePlugin.JpegImageFile image mode=RGB size=933x2300 at 0x7F90CB268490>,"{'company': 'SYARIKAT KAM LAI SEONG SDN BHD', 'date': '08-03-2018', 'address': 'NO. 1442, JALAN SK 11/5, SERI KEMBANGAN 43300 SELANGOR', 'total': '190.00'}"
304,<PIL.JpegImagePlugin.JpegImageFile image mode=RGB size=631x1691 at 0x7F90CB26B0D0>,"{'company': 'PELITA SAMUDRA PERTAMA (M) SDN BHD.', 'date': '03/06/2018', 'address': 'NO.2-1,JALAN KAMARUDDIN ISA 31400 IPOH,PERAK DARUL RIDZUAN', 'total': '61.70'}"
305,<PIL.JpegImagePlugin.JpegImageFile image mode=RGB size=627x1735 at 0x7F90CB268610>,"{'company': 'SOUP & PORRIDGE', 'date': '05-06-2018', 'address': 'LOT S10NB & S12NB, RESTORAN JEJANTAS SG. BULOH, ARAH UTARA, PLUS BERHAD.', 'total': '20.70'}"
306,<PIL.JpegImagePlugin.JpegImageFile image mode=RGB size=627x1199 at 0x7F90CB144A60>,"{'company': 'THONG RECIPE', 'date': '27/06/18', 'address': '16G BLOCK B ,ZENITH CORPORATE PARK JALAN SS7/26, 47301 PETALING JAYA SELANGOR', 'total': '58.70'}"
307,<PIL.JpegImagePlugin.JpegImageFile image mode=RGB size=4961x7016 at 0x7F90CA670A00>,"{'company': 'UNIHAKKA INTERNATIONAL SDN BHD', 'date': '01 JUN 2018', 'address': '12, JALAN TAMPOI 7/4,KAWASAN PERINDUSTRIAN TAMPOI,81200 JOHOR BAHRU,JOHOR', 'total': 'RM8.75'}"
308,<PIL.JpegImagePlugin.JpegImageFile image mode=RGB size=4961x7016 at 0x7F90CA670A90>,"{'company': 'UNIHAKKA INTERNATIONAL SDN BHD', 'date': '02 JUN 2018', 'address': '12, JALAN TAMPOI 7/4,KAWASAN PERINDUSTRIAN TAMPOI,81200 JOHOR BAHRU,JOHOR', 'total': 'RM10.35'}"
309,<PIL.JpegImagePlugin.JpegImageFile image mode=RGB size=4961x7016 at 0x7F90CA670AF0>,"{'company': 'MOONLIGHT CAKE HOUSE SDN BHD', 'date': '02/06/2018', 'address': 'NO.1, JALAN PERMAS 10/5, BANDAR BARU PERMAS JAYA 81750 JOHOR BAHRU, JOHOR.', 'total': 'RM16.20'}"
310,<PIL.JpegImagePlugin.JpegImageFile image mode=RGB size=4961x7016 at 0x7F90CA670B50>,"{'company': 'AEON CO. (M) BHD', 'date': '03/06/2018', 'address': '3RD FLR, AEON TAMAN MALURI SC JLN JEJAKA, TAMAN MALURI CHERAS, 55100 KUALA LUMPUR', 'total': '147.45'}"
311,<PIL.JpegImagePlugin.JpegImageFile image mode=RGB size=4961x7016 at 0x7F90CA670BB0>,"{'company': 'UNIHAKKA INTERNATIONAL SDN BHD', 'date': '06 JUN 2018', 'address': '12, JALAN TAMPOI 7/4,KAWASAN PERINDUSTRIAN TAMPOI,81200 JOHOR BAHRU,JOHOR', 'total': 'RM7.25'}"
312,<PIL.JpegImagePlugin.JpegImageFile image mode=RGB size=4961x7016 at 0x7F90CA670C10>,"{'company': 'MOONLIGHT CAKE HOUSE SDN BHD', 'date': '07/06/2018', 'address': 'NO.1, JALAN PERMAS 10/5, BANDAR BARU PERMAS JAYA 81750 JOHOR BAHRU, JOHOR.', 'total': 'RM15.00'}"
313,<PIL.JpegImagePlugin.JpegImageFile image mode=RGB size=4961x7016 at 0x7F90CA670C70>,"{'company': 'UNIHAKKA INTERNATIONAL SDN BHD', 'date': '07 JUN 2018', 'address': '12, JALAN TAMPOI 7/4,KAWASAN PERINDUSTRIAN TAMPOI,81200 JOHOR BAHRU,JOHOR', 'total': 'RM8.20'}"
314,<PIL.JpegImagePlugin.JpegImageFile image mode=RGB size=4961x7016 at 0x7F90CA670CD0>,"{'company': 'UNIHAKKA INTERNATIONAL SDN BHD', 'date': '08 JUN 2018', 'address': '12, JALAN TAMPOI 7/4,KAWASAN PERINDUSTRIAN TAMPOI,81200 JOHOR BAHRU,JOHOR', 'total': 'RM6.70'}"
315,<PIL.JpegImagePlugin.JpegImageFile image mode=RGB size=4961x7016 at 0x7F90CA670D30>,"{'company': 'UNIHAKKA INTERNATIONAL SDN BHD', 'date': '05 JUN 2018', 'address': '12, JALAN TAMPOI 7/4,KAWASAN PERINDUSTRIAN TAMPOI,81200 JOHOR BAHRU,JOHOR', 'total': 'RM7.50'}"
316,<PIL.JpegImagePlugin.JpegImageFile image mode=RGB size=4961x7016 at 0x7F90CA670D90>,"{'company': 'MOONLIGHT CAKE HOUSE SDN BHD', 'date': '11/06/2018', 'address': 'NO.1, JALAN PERMAS 10/5, BANDAR BARU PERMAS JAYA 81750 JOHOR BAHRU, JOHOR.', 'total': 'RM28.20'}"
317,<PIL.JpegImagePlugin.JpegImageFile image mode=RGB size=4961x7016 at 0x7F90CA670DF0>,"{'company': 'CHEF HENRY RIBS HOUSE', 'date': '05/06/2018', 'address': '4, JALAN KEBUDAYAAN 1 TAMAN UNIVERSITI 81300, SKUDAI', 'total': '103.85'}"
318,<PIL.JpegImagePlugin.JpegImageFile image mode=RGB size=4961x7016 at 0x7F90CA670E50>,"{'company': 'AEON CO. (M) BHD', 'date': '17/06/2018', 'address': '3RD FLR, AEON TAMAN MALURI SC JLN JEJAKA, TAMAN MALURI CHERAS, 55100 KUALA LUMPUR', 'total': '8.95'}"
319,<PIL.JpegImagePlugin.JpegImageFile image mode=RGB size=4961x7016 at 0x7F90CA670EB0>,"{'company': 'EXQUISITE GARDEN SDN BHD', 'date': '03 JUN 18', 'address': 'LOT NO R134,GIANT HYPERMARKET PLENTONG NO3, JALAN MASAI LAMA 81750 MASAI. JAHOR BAHRU', 'total': '28.00'}"
320,<PIL.JpegImagePlugin.JpegImageFile image mode=RGB size=4961x7016 at 0x7F90CA670F10>,"{'company': 'IKANO HANDEL SDN BHD', 'date': '09/06/18', 'address': 'NO. 33, JALAN HARMONIUM TAMAN DESA TEBRAU 81100 JOHOR BAHRU', 'total': '46.20'}"
321,<PIL.JpegImagePlugin.JpegImageFile image mode=RGB size=4961x7016 at 0x7F90CA670F70>,"{'company': '118 MJ MOOKATA HOUSE', 'date': '11-06-2018', 'address': 'NO.7G,JALAN PERMAS 11, BANDAR BARU PERMAS JAYA, 81750 MASAI, JOHOR.', 'total': '102.40'}"
322,<PIL.JpegImagePlugin.JpegImageFile image mode=RGB size=4961x7016 at 0x7F90CA670FD0>,"{'company': 'UNIHAKKA INTERNATIONAL SDN BHD', 'date': '13 JUN 2018', 'address': '12, JALAN TAMPOI 7/4,KAWASAN PERINDUSTRIAN TAMPOI,81200 JOHOR BAHRU, JOHOR', 'total': 'RM8.85'}"
323,<PIL.JpegImagePlugin.JpegImageFile image mode=RGB size=4961x7016 at 0x7F90CA671030>,"{'company': 'UNIHAKKA INTERNATIONAL SDN BHD', 'date': '14 JUN 2018', 'address': '12, JALAN TAMPOI 7/4,KAWASAN PERINDUSTRIAN TAMPOI,81200 JOHOR BAHRU, JOHOR', 'total': 'RM10.15'}"
324,<PIL.JpegImagePlugin.JpegImageFile image mode=RGB size=4961x7016 at 0x7F90CA671090>,"{'company': 'AEON CO. (M) BHD', 'date': '03/06/2018', 'address': '3RD FLR, AEON TAMAN MALURI SC JLN JEJAKA, TAMAN MALURI CHERAS, 55100 KUALA LUMPUR', 'total': '79.45'}"
325,<PIL.JpegImagePlugin.JpegImageFile image mode=RGB size=4961x7016 at 0x7F90CA6710F0>,"{'company': 'BOOK TALK (MUTIARA RINI) SDN BHD', 'date': '21/6/2018', 'address': 'NO. 53 & 55, JALAN UTAMA 34, MUTIARA RINI, SKUDAI, JOHOR.', 'total': '9.30'}"
326,<PIL.JpegImagePlugin.JpegImageFile image mode=RGB size=4961x7016 at 0x7F90CA671150>,"{'company': 'UNIHAKKA INTERNATIONAL SDN BHD', 'date': '19 JUN 2018', 'address': '12, JALAN TAMPOI 7/4,KAWASAN PERINDUSTRIAN TAMPOI,81200 JOHOR BAHRU,JOHOR', 'total': 'RM8.45'}"
327,<PIL.JpegImagePlugin.JpegImageFile image mode=RGB size=4961x7016 at 0x7F90CA6711B0>,"{'company': 'GERBANG ALAF RESTAURANTS SDN BHD', 'date': '24/06/2018', 'address': 'LEVEL 6, BANGUNAN TH, DAMANSARA UPTOWN3 NO.3, JALAN SS21/39, 47400 PETALING JAYA SELANGOR', 'total': '7.35'}"
328,<PIL.JpegImagePlugin.JpegImageFile image mode=RGB size=4961x7016 at 0x7F90CA671210>,"{'company': 'UNIHAKKA INTERANTIONAL SDN BHD', 'date': '21 JUN 2018', 'address': '12,JALAN TAMPOI 7/4,KAWASAN PERINDUSTRIAN TAMPOI,81200 JOHOR BAHRU, JOHOR', 'total': 'RM7.70'}"
329,<PIL.JpegImagePlugin.JpegImageFile image mode=RGB size=4961x7016 at 0x7F90CA671270>,"{'company': 'KOREAN DINE SDN BHD', 'date': '19/06/2018', 'address': 'NO 4, JALAN PERMAS 10/5. BANDAR BARU PERMAS JAYA, 81750 JOHOR BAHRU, JOHOR.', 'total': '152.90'}"
330,<PIL.JpegImagePlugin.JpegImageFile image mode=RGB size=4961x7016 at 0x7F90CA6712D0>,"{'company': 'ROYALTEA', 'date': '02/06/2018', 'address': 'NO.33,JALAN SELADANG TAMAN ABAD, 80250 JOHOR BAHRU, JOHOR ,MALAYSIA.', 'total': '13.10'}"
331,<PIL.JpegImagePlugin.JpegImageFile image mode=RGB size=787x1605 at 0x7F90CA671330>,"{'company': 'RESTORAN WAN SHENG', 'date': '09-04-2018', 'address': 'NO.2, JALAN TEMENGGUNG 19/9, SEKSYEN 9, BANDAR MAHKOTA CHERAS, 43200 CHERAS, SELANGOR', 'total': '17.60'}"
332,<PIL.JpegImagePlugin.JpegImageFile image mode=RGB size=787x1636 at 0x7F90CA671390>,"{'company': 'RESTORAN WAN SHENG', 'date': '02-04-2018', 'address': 'NO.2, JALAN TEMENGGUNG 19/9, SEKSYEN 9, BANDAR MAHKOTA CHERAS, 43200 CHERAS, SELANGOR', 'total': '6.00'}"
333,<PIL.JpegImagePlugin.JpegImageFile image mode=RGB size=794x1708 at 0x7F90CA6713F0>,"{'company': 'RESTORAN WAN SHENG', 'date': '05-05-2018', 'address': 'NO.2, JALAN TEMENGGUNG 19/9, SEKSYEN 9, BANDAR MAHKOTA CHERAS, 43200 CHERAS, SELANGOR', 'total': '7.60'}"
334,<PIL.JpegImagePlugin.JpegImageFile image mode=RGB size=791x1731 at 0x7F90CA671450>,"{'company': 'RESTORAN WAN SHENG', 'date': '10-05-2018', 'address': 'NO.2, JALAN TEMENGGUNG 19/9, SEKSYEN 9, BANDAR MAHKOTA CHERAS, 43200 CHERAS, SELANGOR', 'total': '7.20'}"
335,<PIL.JpegImagePlugin.JpegImageFile image mode=RGB size=793x1471 at 0x7F90CA6714B0>,"{'company': 'RESTORAN WAN SHENG', 'date': '11-05-2018', 'address': 'NO.2, JALAN TEMENGGUNG 19/9, SEKSYEN 9, BANDAR MAHKOTA CHERAS, 43200 CHERAS, SELANGOR', 'total': '1.90'}"
336,<PIL.JpegImagePlugin.JpegImageFile image mode=RGB size=787x1509 at 0x7F90CA671510>,"{'company': 'GERBANG ALAF RESTAURANTS SDN BHD', 'date': '30/05/2018', 'address': 'LEVEL 6, BANGUNAN TH, DAMANSARA UPTOWN3 NO.3 , JALAN SS21/39,47400 PETALING JAYA SELANGOR', 'total': '19.00'}"
337,<PIL.JpegImagePlugin.JpegImageFile image mode=RGB size=791x2682 at 0x7F90CA671570>,"{'company': 'VEG FISH FARM THAI RESTAURANT S/B', 'date': '01/05/2018', 'address': 'KM 4, JLN AMPANG, HULU LANGAT, 68000 AMAPNG, SELANGOR.', 'total': '412.90'}"
338,<PIL.JpegImagePlugin.JpegImageFile image mode=RGB size=932x1741 at 0x7F90CA6715D0>,"{'company': 'RESTORAN WAN SHENG', 'date': '21-06-2018', 'address': 'NO.2, JALAN TEMENGGUNG 19/9, SEKSYEN 9, BANDAR MAHKOTA CHERAS, 43200 CHERAS, SELANGOR', 'total': '4.60'}"
339,<PIL.JpegImagePlugin.JpegImageFile image mode=RGB size=928x1830 at 0x7F90CA671630>,"{'company': 'RESTORAN WAN SHENG', 'date': '29-06-2018', 'address': 'NO.2, JALAN TEMENGGUNG 19/9, SEKSYEN 9, BANDAR MAHKOTA CHERAS, 43200 CHERAS, SELANGOR', 'total': '7.20'}"
340,<PIL.JpegImagePlugin.JpegImageFile image mode=RGB size=932x1667 at 0x7F90CA671690>,"{'company': 'RESTORAN WAN SHENG', 'date': '27-06-2018', 'address': 'NO.2, JALAN TEMENGGUNG 19/9, SEKSYEN 9, BANDAR MAHKOTA CHERAS, 43200 CHERAS, SELANGOR', 'total': '2.30'}"
341,<PIL.JpegImagePlugin.JpegImageFile image mode=RGB size=932x1659 at 0x7F90CA6716F0>,"{'company': 'RESTORAN WAN SHENG', 'date': '01-06-2018', 'address': 'NO.2, JALAN TEMENGGUNG 19/9, SEKSYEN 9, BANDAR MAHKOTA CHERAS, 43200 CHERAS, SELANGOR', 'total': '4.80'}"
342,<PIL.JpegImagePlugin.JpegImageFile image mode=RGB size=932x2191 at 0x7F90CA671750>,"{'company': 'PAPPARICH BMC', 'date': '29 JUN 18', 'address': 'NO.19 & 21 JALAN TEMENGGUNG 23/9 BANDAR MAHKOTA CHERAS 43200 SELANGOR DARUL EHSAN, MALAYSIA', 'total': '46.90'}"
343,<PIL.JpegImagePlugin.JpegImageFile image mode=RGB size=744x1286 at 0x7F90CA6717B0>,"{'company': 'BOON SENG PAPER SDN BHD', 'date': '19/03/2018', 'address': '12, JALAN BUNGA TANJUNG, 2/16 SEKSYEN 2, 40000 SHAH ALAM, SELANGOR', 'total': '31.80'}"
344,<PIL.JpegImagePlugin.JpegImageFile image mode=RGB size=928x1769 at 0x7F90CA671810>,"{'company': 'PASARAYA BORONG PINTAR SDN BHD', 'date': '14/03/2018', 'address': 'NO 19-G& 19-1& 19-2 JALAN TASIK UTAMA 4, MEDAN NIAGA TASIK DAMAI', 'total': '0.90'}"
345,<PIL.JpegImagePlugin.JpegImageFile image mode=RGB size=615x931 at 0x7F90CA671870>,"{'company': 'LIAN HING STATIONERY SDN BHD', 'date': '27/03/2018', 'address': 'NO.32 & 33, JALAN SR 1/9, SEKSYEN 9, TAMAN SERDANG RAYA, 43300 SERI KEMBANGAN, SELANGOR DARUL EHSAN', 'total': '79.50'}"
346,<PIL.JpegImagePlugin.JpegImageFile image mode=RGB size=884x1678 at 0x7F90CA6718D0>,"{'company': 'HON HWA HARDWARE TRADING', 'date': '21/09/2017', 'address': 'NO 37, JALAN MANIS 7, TAMAN SEGAR, 56100 CHERAS, KUALA LUMPUR.', 'total': '10.40'}"
